Transaction_ID,Customer_ID,Transaction_Amount,Payment_Method,Account_Age_Days,Previous_Orders,Previous_Cancellations,Previous_Refunds,Failed_Payment_Attempts,New_Payment_Method,New_Delivery_Address
T10000,C1102,939.24,Credit Card,446,72,17,8,6,No,No
T10001,C1435,2209.97,UPI,906,43,1,12,2,No,Yes
T10002,C1860,830.15,UPI,1084,42,19,5,2,No,No
T10003,C1270,2065.98,UPI,1456,2,10,9,10,No,No
T10004,C1106,234.91,Net Banking,1497,13,18,6,7,No,No
T10005,C1071,960.53,Credit Card,1433,87,14,1,2,Yes,No
T10006,C1700,1186.66,Net Banking,393,61,7,7,2,Yes,No
T10007,C1020,1122.3,UPI,1254,53,2,9,0,No,No
T10008,C1614,209.99,Net Banking,861,50,13,14,9,Yes,No
T10009,C1121,3652.3,Net Banking,275,25,17,3,0,No,No
T10010,C1466,,Credit Card,46,43,12,11,5,No,No
T10011,C1214,1533.08,Debit Card,716,46,12,7,8,No,No
T10012,C1330,1105.4,Net Banking,17,82,1,12,1,No,No
T10013,C1458,2992.04,Net Banking,1437,32,13,9,5,No,No
T10014,C1087,9774.08,UPI,1460,22,1,12,0,No,No
T10015,C1372,301.76,UPI,237,87,14,15,7,No,Yes
T10016,C1099,573.11,UPI,1226,97,4,7,3,No,No
T10017,C1871,1324.9,Cash on Delivery,531,57,6,12,8,No,No
T10018,C1663,363.09,Net Banking,514,25,9,8,1,No,No
T10019,C1130,2397.5,UPI,107,4,0,2,1,No,No
T10020,C1661,2548.79,Credit Card,733,37,19,7,6,No,No
T10021,C1308,1918.79,Cash on Delivery,840,13,17,14,7,No,No
T10022,C1769,1389.34,Debit Card,1056,10,9,15,10,No,No
T10023,C1343,4314.38,Net Banking,7,35,20,5,3,No,Yes
T10024,C1491,345.29,Net Banking,264,3,19,2,10,No,No
T10025,C1413,,Credit Card,905,12,8,12,6,No,No
T10026,C1805,523.85,Debit Card,260,82,10,0,5,No,No
T10027,C1385,2670.22,Debit Card,448,39,2,7,9,No,No
T10028,C1191,175.33,Cash on Delivery,271,99,6,15,2,No,No
T10029,C1955,1066.26,Net Banking,1154,22,20,15,0,No,No
T10030,C1276,1533.39,UPI,680,16,3,3,7,No,No
T10031,C1160,425.18,Credit Card,1295,69,17,8,10,No,No
T10032,C1459,586.29,Credit Card,740,2,15,14,0,No,No
T10033,C1313,1113.63,Credit Card,199,24,4,10,2,Yes,No
T10034,C1021,2850.06,Credit Card,533,38,11,5,6,No,No
T10035,C1252,390.38,UPI,207,14,9,1,10,No,No
T10036,C1747,464.77,UPI,236,29,9,7,7,No,No
T10037,C1856,3379.85,Cash on Delivery,66,74,6,2,2,No,No
T10038,C1560,834.66,Net Banking,1136,22,7,10,4,No,No
T10039,C1474,503.94,UPI,112,89,20,11,3,No,No
T10040,C1058,2272.61,Cash on Delivery,1284,69,6,0,10,No,No
T10041,C1510,673.04,Debit Card,88,13,1,0,7,No,No
T10042,C1681,3063.83,Net Banking,64,68,16,8,0,No,No
T10043,C1475,564.69,UPI,593,66,3,11,4,No,No
T10044,C1699,934.87,Debit Card,1164,36,16,8,6,No,No
T10045,C1975,2821.35,Cash on Delivery,908,80,0,1,4,No,No
T10046,C1782,874.58,UPI,423,75,11,3,7,No,No
T10047,C1189,2335.67,UPI,1429,44,18,7,10,Yes,No
T10048,C1957,1027.06,Debit Card,358,77,5,6,5,No,No
T10049,C1686,7956.08,UPI,141,96,9,8,0,No,No
T10050,C1957,,Credit Card,358,77,5,6,5,No,No
T10051,C1562,290.59,UPI,1326,32,4,13,4,No,No
T10052,C1875,1848.71,Net Banking,1247,9,8,1,3,No,No
T10053,C1566,484.73,Debit Card,318,51,19,3,7,No,No
T10054,C1243,1328.1,Net Banking,941,42,12,5,3,No,No
T10055,C1831,1174.23,Cash on Delivery,192,21,18,9,4,No,No
T10056,C1504,381.69,Net Banking,652,47,6,4,9,No,No
T10057,C1130,3160.5,Credit Card,107,4,0,2,1,No,No
T10058,C1484,1343.86,Credit Card,82,90,12,6,7,No,No
T10059,C1818,824.95,Net Banking,1091,46,0,9,4,Yes,No
T10060,C1646,707.61,Cash on Delivery,1138,8,7,0,2,No,No
T10061,C1020,1261.15,UPI,1254,53,2,9,0,No,No
T10062,C1840,1649.0,Credit Card,519,85,7,10,8,No,No
T10063,C1166,967.8,Net Banking,1198,86,10,11,1,No,No
T10064,C1273,64.55,Net Banking,1225,26,10,15,6,No,Yes
T10065,C1387,1115.31,Net Banking,125,47,4,12,0,No,No
T10066,C1600,259.44,UPI,1330,86,6,15,4,No,Yes
T10067,C1315,889.4,Debit Card,667,78,13,7,10,Yes,No
T10068,C1013,269.19,Cash on Delivery,309,11,6,5,5,No,No
T10069,C1241,266.0,Debit Card,824,97,15,3,8,No,Yes
T10070,C1776,3771.1,Cash on Delivery,1434,91,10,0,1,No,No
T10071,C1345,796.25,Cash on Delivery,1269,35,15,14,9,No,No
T10072,C1564,737.55,Net Banking,1245,24,15,5,1,No,Yes
T10073,C1897,1776.72,Credit Card,1413,47,3,15,7,No,Yes
T10074,C1339,757.03,Net Banking,1348,17,0,0,3,No,No
T10075,C1091,8989.44,UPI,1284,48,15,3,4,No,No
T10076,C1366,834.62,Cash on Delivery,1101,41,6,14,7,No,No
T10077,C1955,1579.91,Credit Card,1154,22,20,15,0,No,No
T10078,C1454,2895.58,Cash on Delivery,290,79,8,13,0,No,No
T10079,C1427,5443.91,Cash on Delivery,783,51,4,3,3,No,No
T10080,C1508,522.17,Net Banking,978,30,13,5,6,No,Yes
T10081,C1775,722.01,Credit Card,143,8,13,8,3,Yes,No
T10082,C1942,3922.92,Credit Card,75,75,15,12,9,No,No
T10083,C1034,2465.28,Cash on Delivery,1385,39,10,6,7,No,No
T10084,C1205,3213.69,Credit Card,1252,45,19,7,0,No,No
T10085,C1080,279.02,Credit Card,675,87,2,3,6,No,No
T10086,C1931,5156.43,Net Banking,888,48,2,5,3,No,No
T10087,C1561,512.14,Debit Card,1199,74,12,11,4,Yes,No
T10088,C1871,1329.15,UPI,531,57,6,12,8,No,No
T10089,C1387,945.56,Debit Card,125,47,4,12,0,No,No
T10090,C1001,455.56,Credit Card,1452,65,7,6,7,No,No
T10091,C1389,267.06,Cash on Delivery,793,56,20,2,5,No,No
T10092,C1565,191.74,UPI,1195,89,10,9,1,No,No
T10093,C1105,1235.24,UPI,112,52,19,1,6,No,No
T10094,C1771,238.57,Cash on Delivery,760,12,4,14,10,Yes,No
T10095,C1821,352.9,UPI,1010,35,4,12,8,No,Yes
T10096,C1476,881.8,Cash on Delivery,1270,1,16,3,6,No,No
T10097,C1702,78.35,UPI,401,36,14,12,2,No,No
T10098,C1401,2389.84,Debit Card,1242,39,20,6,8,Yes,No
T10099,C1729,98.51,UPI,97,95,13,12,0,No,Yes
T10100,C1555,1014.98,Net Banking,1177,84,4,11,0,No,No
T10101,C1161,1113.23,Cash on Delivery,1113,22,11,0,6,No,Yes
T10102,C1201,1878.19,UPI,1265,77,8,1,3,No,No
T10103,C1957,1051.86,Cash on Delivery,358,77,5,6,5,No,No
T10104,C1995,8249.5,Net Banking,1441,53,14,9,7,No,No
T10105,C1269,1361.47,UPI,1304,49,17,3,10,No,No
T10106,C1862,3145.14,UPI,423,14,9,9,7,No,No
T10107,C1815,531.94,Net Banking,1180,30,15,12,5,No,No
T10108,C1270,1237.39,Net Banking,1456,2,10,9,10,Yes,No
T10109,C1455,5154.21,Net Banking,1192,35,7,15,0,No,No
T10110,C1461,864.63,Cash on Delivery,735,10,3,3,9,Yes,No
T10111,C1726,1329.07,Net Banking,750,63,9,9,0,No,No
T10112,C1251,2924.43,Cash on Delivery,1461,38,12,13,3,No,No
T10113,C1701,522.05,Debit Card,842,7,11,14,0,No,No
T10114,C1295,126.27,UPI,1096,26,11,12,6,No,No
T10115,C1724,1415.98,UPI,1493,74,13,14,6,No,No
T10116,C1719,2947.37,Credit Card,1063,6,1,7,3,No,No
T10117,C1748,283.88,Debit Card,898,64,16,3,5,No,No
T10118,C1337,2143.55,Net Banking,52,9,8,0,8,No,No
T10119,C1878,2158.06,Net Banking,1482,82,11,11,7,No,Yes
T10120,C1052,112.9,Debit Card,220,89,10,14,5,No,No
T10121,C1791,429.97,Net Banking,424,9,16,15,0,Yes,No
T10122,C1921,738.17,Credit Card,1116,29,3,9,10,No,No
T10123,C1216,916.33,Cash on Delivery,147,29,15,10,5,No,No
T10124,C1763,521.58,UPI,685,87,18,8,8,No,No
T10125,C1187,494.23,Debit Card,233,31,5,13,4,Yes,No
T10126,C1379,5834.14,UPI,38,31,19,15,3,No,Yes
T10127,C1492,984.8,Cash on Delivery,110,16,17,7,2,No,No
T10128,C1040,547.28,Debit Card,1026,2,6,5,8,No,No
T10129,C1156,1052.4,Cash on Delivery,901,91,7,15,7,No,No
T10130,C1014,1876.36,Net Banking,1058,32,3,4,2,No,No
T10131,C1812,1154.74,Net Banking,792,65,15,1,10,No,No
T10132,C1064,892.72,Net Banking,723,61,14,13,5,Yes,No
T10133,C1856,572.48,Cash on Delivery,66,74,6,2,2,No,No
T10134,C1838,565.59,Cash on Delivery,1321,89,16,14,10,No,No
T10135,C1520,603.17,Cash on Delivery,1019,63,2,15,9,No,No
T10136,C1343,1538.89,UPI,7,35,20,5,3,No,No
T10137,C1128,405.78,Cash on Delivery,1055,81,13,11,0,No,No
T10138,C1647,1625.01,Net Banking,987,22,9,15,1,No,Yes
T10139,C1471,4505.23,Credit Card,231,87,10,6,3,No,Yes
T10140,C1062,1518.85,Cash on Delivery,799,33,1,0,4,Yes,No
T10141,C1138,757.8,Credit Card,586,56,15,15,2,No,No
T10142,C1498,299.43,Net Banking,31,10,19,12,10,No,No
T10143,C1592,5314.04,Cash on Delivery,954,73,17,0,5,No,No
T10144,C1391,340.35,UPI,1268,36,10,11,6,No,No
T10145,C1674,2562.05,UPI,1222,41,13,0,7,No,No
T10146,C1418,2076.66,Credit Card,1030,75,4,7,10,No,No
T10147,C1288,865.43,UPI,1176,49,13,13,9,No,No
T10148,C1378,843.05,UPI,1244,16,17,10,8,No,No
T10149,C1772,174.91,UPI,871,63,12,4,10,No,No
T10150,C1489,-500.0,Net Banking,372,68,14,4,0,Yes,No
T10151,C1230,2038.41,UPI,902,41,7,2,4,No,No
T10152,C1040,369.05,Debit Card,1026,2,6,5,8,No,Yes
T10153,C1027,938.4,Cash on Delivery,1114,70,5,12,8,Yes,No
T10154,C1134,1138.95,UPI,556,28,14,7,9,No,No
T10155,C1200,1967.61,UPI,888,45,16,2,4,No,No
T10156,C1839,1100.81,UPI,245,93,2,9,2,No,No
T10157,C1779,215.66,Debit Card,32,12,7,4,8,No,No
T10158,C1929,645.52,UPI,1340,35,1,0,8,No,No
T10159,C1032,1372.82,UPI,1332,87,7,13,0,No,No
T10160,C1047,2544.09,Cash on Delivery,177,67,0,2,0,No,Yes
T10161,C1502,591.32,Debit Card,811,95,15,15,0,Yes,No
T10162,C1406,9775.65,Debit Card,1398,90,15,4,9,No,No
T10163,C1573,164.93,UPI,1109,50,11,8,7,No,No
T10164,C1727,624.09,Debit Card,1188,64,6,5,8,No,No
T10165,C1804,1009.25,Credit Card,652,21,19,4,6,No,No
T10166,C1098,897.17,Debit Card,404,43,8,0,9,No,No
T10167,C1683,319.85,Debit Card,763,45,12,14,0,Yes,No
T10168,C1871,1716.19,Debit Card,531,57,6,12,8,No,No
T10169,C1725,1589.37,Net Banking,1306,54,8,0,5,No,No
T10170,C1986,1150.51,Net Banking,132,40,11,7,10,No,No
T10171,C1546,1528.2,Net Banking,881,26,18,4,2,No,No
T10172,C1960,717.82,Debit Card,622,50,18,0,9,Yes,No
T10173,C1738,217.6,Credit Card,986,49,4,11,2,No,No
T10174,C1612,535.59,Debit Card,1336,91,6,9,10,Yes,No
T10175,C1942,1283.13,UPI,75,75,15,12,9,No,No
T10176,C1461,1290.45,Credit Card,735,10,3,3,9,No,No
T10177,C1642,1142.96,Net Banking,766,0,5,1,4,No,No
T10178,C1768,1898.29,Cash on Delivery,958,50,0,7,7,No,No
T10179,C1004,613.3,Credit Card,1405,58,6,8,8,No,Yes
T10180,C1217,1126.29,Net Banking,1370,23,6,15,2,No,No
T10181,C1502,1943.2,Credit Card,811,95,15,15,0,No,Yes
T10182,C1766,1007.38,Credit Card,1307,39,17,2,8,Yes,No
T10183,C1397,316.3,Debit Card,1405,40,2,6,6,No,No
T10184,C1870,419.27,UPI,1480,23,14,13,8,No,No
T10185,C1794,2517.07,Cash on Delivery,837,13,8,5,9,No,No
T10186,C1392,4413.72,Net Banking,226,86,11,9,10,Yes,No
T10187,C1206,3552.06,Credit Card,509,50,15,6,6,No,Yes
T10188,C1014,1383.2,Cash on Delivery,1058,32,3,4,2,No,No
T10189,C1857,329.27,Credit Card,930,37,0,6,3,No,No
T10190,C1553,1089.69,UPI,522,40,12,14,1,No,No
T10191,C1891,5230.46,Cash on Delivery,653,50,10,8,9,No,No
T10192,C1460,2035.48,Net Banking,588,86,15,14,10,No,No
T10193,C1690,891.16,Credit Card,426,24,7,6,5,Yes,No
T10194,C1574,2056.22,UPI,1089,5,19,7,1,No,No
T10195,C1863,308.16,Cash on Delivery,556,89,11,1,3,No,No
T10196,C1742,546.93,Credit Card,836,98,2,8,6,No,No
T10197,C1240,370.85,Credit Card,1213,97,18,6,1,No,No
T10198,C1563,1753.86,Net Banking,734,19,13,2,7,No,No
T10199,C1095,2239.71,UPI,359,41,9,10,6,No,No
T10200,C1899,940.28,Debit Card,402,55,20,11,2,No,No
T10201,C1733,458.09,Credit Card,249,62,3,15,9,No,No
T10202,C1484,1075.19,Cash on Delivery,82,90,12,6,7,No,No
T10203,C1406,674.13,Net Banking,1398,90,15,4,9,No,No
T10204,C1230,494.64,Net Banking,902,41,7,2,4,No,No
T10205,C1748,1539.16,Credit Card,898,64,16,3,5,No,No
T10206,C1654,513.89,Credit Card,1048,29,4,3,8,No,No
T10207,C1170,228.98,Credit Card,488,29,9,11,1,No,No
T10208,C1540,285.97,Debit Card,744,71,13,1,3,No,No
T10209,C1035,220.69,Credit Card,693,75,3,13,9,No,No
T10210,C1524,1404.61,UPI,346,81,1,3,0,No,No
T10211,C1159,1274.62,Cash on Delivery,1153,42,4,9,8,No,No
T10212,C1838,1212.6,Credit Card,1321,89,16,14,10,No,No
T10213,C1698,1973.83,Debit Card,1185,22,8,15,9,No,No
T10214,C1242,3611.79,Cash on Delivery,1026,0,8,0,3,No,Yes
T10215,C1085,606.52,Net Banking,99,57,17,8,0,Yes,No
T10216,C1795,1646.62,Credit Card,894,20,4,10,9,No,No
T10217,C1577,225.97,Cash on Delivery,1267,68,9,11,0,No,No
T10218,C1681,4353.39,Net Banking,64,68,16,8,0,Yes,No
T10219,C1556,315.82,Debit Card,1336,40,15,8,4,No,No
T10220,C1573,539.11,UPI,1109,50,11,8,7,No,No
T10221,C1952,603.23,Credit Card,844,16,11,8,6,No,No
T10222,C1645,238.35,UPI,96,41,10,12,8,No,No
T10223,C1795,1132.94,Debit Card,894,20,4,10,9,No,No
T10224,C1027,1358.18,Cash on Delivery,1114,70,5,12,8,No,No
T10225,C1619,907.4,Cash on Delivery,459,67,14,13,0,No,No
T10226,C1555,235.04,Debit Card,1177,84,4,11,0,No,No
T10227,C1339,7969.57,Debit Card,1348,17,0,0,3,No,No
T10228,C1797,1899.28,Credit Card,1358,27,16,10,1,No,No
T10229,C1957,15278.81,Net Banking,358,77,5,6,5,No,No
T10230,C1330,490.24,UPI,17,82,1,12,1,No,No
T10231,C1639,2858.01,UPI,1361,98,10,1,5,No,No
T10232,C1505,2390.54,Cash on Delivery,814,30,15,12,0,Yes,No
T10233,C1347,820.1,Cash on Delivery,1389,15,7,7,7,No,No
T10234,C1472,4496.48,Credit Card,950,28,6,9,5,No,No
T10235,C1230,731.13,Debit Card,902,41,7,2,4,No,No
T10236,C1189,764.41,UPI,1429,44,18,7,10,Yes,No
T10237,C1224,34.08,Credit Card,763,36,5,5,7,Yes,No
T10238,C1384,1650.82,Cash on Delivery,841,57,10,15,0,No,No
T10239,C1376,291.34,Cash on Delivery,1334,98,5,9,2,No,No
T10240,C1282,632.25,UPI,1353,33,4,0,8,No,No
T10241,C1957,392.99,Cash on Delivery,358,77,5,6,5,No,No
T10242,C1632,760.34,Cash on Delivery,850,39,8,4,5,No,No
T10243,C1627,1709.37,Net Banking,1043,58,13,15,2,No,No
T10244,C1972,1108.92,Debit Card,172,24,5,9,9,No,No
T10245,C1744,2229.74,Cash on Delivery,731,82,0,14,10,No,No
T10246,C1258,3887.92,Net Banking,35,88,11,4,4,No,No
T10247,C1358,758.39,Credit Card,1176,32,6,2,3,No,No
T10248,C1709,679.55,Cash on Delivery,1359,14,16,6,2,No,No
T10249,C1455,2857.57,Credit Card,1192,35,7,15,0,No,No
T10250,C1410,-1000.0,Cash on Delivery,1364,62,12,10,1,Yes,Yes
T10251,C1648,2299.83,UPI,1453,77,1,2,9,Yes,No
T10252,C1317,423.19,Net Banking,894,8,2,4,4,No,No
T10253,C1676,1673.47,Net Banking,1445,57,7,11,4,No,No
T10254,C1224,1223.5,UPI,763,36,5,5,7,No,No
T10255,C1818,3141.73,Debit Card,1091,46,0,9,4,No,No
T10256,C1233,618.4,Net Banking,732,43,15,12,0,No,No
T10257,C1683,207.14,Credit Card,763,45,12,14,0,No,No
T10258,C1663,2186.89,Net Banking,514,25,9,8,1,No,No
T10259,C1974,84.91,Debit Card,318,55,4,0,8,No,No
T10260,C1826,527.68,Credit Card,684,14,18,2,4,No,No
T10261,C1373,394.18,Credit Card,893,2,8,6,2,No,No
T10262,C1671,391.53,UPI,913,2,1,14,6,No,No
T10263,C1607,518.51,Cash on Delivery,1425,77,13,5,9,Yes,No
T10264,C1471,3704.76,UPI,231,87,10,6,3,No,No
T10265,C1232,2491.29,Cash on Delivery,1431,51,13,6,3,No,No
T10266,C1691,852.58,UPI,1499,53,14,8,4,Yes,No
T10267,C1112,3407.12,Cash on Delivery,1056,16,13,2,0,No,No
T10268,C1829,379.06,Net Banking,814,21,8,10,1,No,No
T10269,C1496,330.87,Credit Card,185,30,2,2,6,No,Yes
T10270,C1441,2600.86,Cash on Delivery,580,53,17,2,8,No,No
T10271,C1563,1957.93,Net Banking,734,19,13,2,7,No,No
T10272,C1267,692.1,Debit Card,643,12,13,5,7,No,No
T10273,C1509,352.32,UPI,1481,69,10,10,8,No,No
T10274,C1806,4720.79,Debit Card,674,44,2,0,2,No,No
T10275,C1385,196.35,Net Banking,448,39,2,7,9,Yes,No
T10276,C1386,602.79,Debit Card,684,84,7,8,7,No,No
T10277,C1112,1378.26,Debit Card,1056,16,13,2,0,No,No
T10278,C1612,6648.62,Net Banking,1336,91,6,9,10,No,No
T10279,C1624,1608.57,Credit Card,1384,7,6,10,8,No,No
T10280,C1951,1772.78,Cash on Delivery,635,94,12,6,5,No,No
T10281,C1080,620.56,UPI,675,87,2,3,6,Yes,No
T10282,C1698,1936.2,Cash on Delivery,1185,22,8,15,9,No,No
T10283,C1112,1218.42,UPI,1056,16,13,2,0,No,No
T10284,C1001,223.98,Cash on Delivery,1452,65,7,6,7,No,No
T10285,C1641,2423.42,Debit Card,121,20,2,15,6,No,No
T10286,C1219,2894.0,Credit Card,1278,42,11,15,8,No,No
T10287,C1565,2448.83,Debit Card,1195,89,10,9,1,No,No
T10288,C1854,1133.8,Credit Card,622,90,16,7,2,No,No
T10289,C1996,421.5,Net Banking,1167,8,11,14,9,No,Yes
T10290,C1735,108.94,UPI,251,78,17,5,7,No,No
T10291,C1224,1283.12,UPI,763,36,5,5,7,No,No
T10292,C1384,3235.51,Net Banking,841,57,10,15,0,No,No
T10293,C1402,2967.67,Cash on Delivery,1007,98,19,0,7,No,No
T10294,C1637,2480.15,Net Banking,571,76,19,12,5,No,No
T10295,C1129,1018.2,Net Banking,1354,12,5,4,4,Yes,No
T10296,C1052,3253.43,Credit Card,220,89,10,14,5,No,No
T10297,C1683,2763.25,Net Banking,763,45,12,14,0,No,No
T10298,C1729,718.64,UPI,97,95,13,12,0,No,No
T10299,C1671,2157.27,Debit Card,913,2,1,14,6,No,No
T10300,C1709,641.65,Credit Card,1359,14,16,6,2,Yes,No
T10301,C1415,1881.88,Credit Card,1328,4,4,8,10,No,No
T10302,C1246,299.13,Cash on Delivery,536,49,9,5,9,No,No
T10303,C1835,323.04,Debit Card,741,16,13,0,5,No,No
T10304,C1438,3159.62,Credit Card,408,30,11,6,3,No,Yes
T10305,C1202,2800.52,Net Banking,856,87,2,14,5,No,No
T10306,C1183,2066.5,Credit Card,816,81,10,4,1,No,No
T10307,C1122,1197.47,Credit Card,743,1,20,10,4,No,No
T10308,C1400,100.36,Credit Card,769,32,10,1,0,No,Yes
T10309,C1766,1017.52,Cash on Delivery,1307,39,17,2,8,No,No
T10310,C1293,1727.07,Credit Card,64,88,5,9,10,No,No
T10311,C1279,642.44,Credit Card,355,83,12,2,7,Yes,No
T10312,C1836,537.81,Cash on Delivery,946,71,6,9,10,Yes,No
T10313,C1883,4649.06,Debit Card,423,62,9,15,9,No,No
T10314,C1609,1032.47,UPI,477,76,10,3,6,No,No
T10315,C1197,1728.13,Cash on Delivery,925,36,6,15,4,No,Yes
T10316,C1981,2378.28,Cash on Delivery,916,38,14,10,0,No,No
T10317,C1906,402.85,Credit Card,1158,89,17,13,5,No,No
T10318,C1510,1330.36,Credit Card,88,13,1,0,7,No,No
T10319,C1751,4103.7,UPI,1430,46,8,13,7,No,No
T10320,C1143,6763.01,Credit Card,231,77,19,0,10,No,No
T10321,C1608,1141.32,Net Banking,1005,0,6,5,2,No,No
T10322,C1200,864.42,Credit Card,888,45,16,2,4,Yes,No
T10323,C1123,1435.15,Credit Card,86,74,11,6,9,No,No
T10324,C1186,1399.17,Net Banking,664,48,8,8,2,No,No
T10325,C1325,4388.57,UPI,975,71,14,5,3,No,No
T10326,C1463,404.89,Net Banking,701,63,14,9,8,No,No
T10327,C1348,828.92,Cash on Delivery,1391,91,1,13,6,Yes,No
T10328,C1770,358.83,Net Banking,648,11,6,13,2,No,No
T10329,C1659,398.58,Debit Card,1200,60,4,0,4,No,No
T10330,C1763,1598.11,Cash on Delivery,685,87,18,8,8,No,No
T10331,C1954,2464.78,Credit Card,835,21,3,12,9,No,No
T10332,C1931,572.84,Cash on Delivery,888,48,2,5,3,No,No
T10333,C1402,2373.44,UPI,1007,98,19,0,7,No,No
T10334,C1345,3332.84,UPI,1269,35,15,14,9,No,No
T10335,C1962,7590.9,Net Banking,980,56,11,15,5,No,No
T10336,C1510,1175.85,Cash on Delivery,88,13,1,0,7,No,No
T10337,C1146,578.38,Credit Card,1479,30,3,5,1,No,No
T10338,C1147,402.43,UPI,355,69,14,2,10,No,No
T10339,C1863,364.38,Credit Card,556,89,11,1,3,No,No
T10340,C1710,3826.79,Debit Card,991,20,19,3,6,No,No
T10341,C1819,241.03,UPI,1262,99,12,15,9,No,No
T10342,C1488,3706.15,Net Banking,952,98,2,6,10,Yes,No
T10343,C1928,460.15,Debit Card,160,38,13,7,7,Yes,No
T10344,C1935,552.69,Cash on Delivery,854,89,20,14,10,No,No
T10345,C1639,942.41,Credit Card,1361,98,10,1,5,No,No
T10346,C1550,542.59,UPI,592,92,20,4,10,No,No
T10347,C1337,2784.93,Debit Card,52,9,8,0,8,Yes,No
T10348,C1871,6723.36,Debit Card,531,57,6,12,8,No,No
T10349,C1640,568.25,UPI,783,17,11,9,4,Yes,Yes
T10350,C1778,711.78,Bitcoin,44,77,1,2,5,No,No
T10351,C1987,931.39,Cash on Delivery,1117,21,4,8,10,No,No
T10352,C1952,1883.82,Net Banking,844,16,11,8,6,No,No
T10353,C1472,940.6,Cash on Delivery,950,28,6,9,5,Yes,No
T10354,C1945,4390.76,Net Banking,503,77,19,11,4,Yes,No
T10355,C1150,3451.71,Debit Card,260,30,14,4,2,No,No
T10356,C1414,335.14,UPI,41,92,12,8,8,No,No
T10357,C1989,1846.35,Cash on Delivery,294,20,5,8,1,No,Yes
T10358,C1297,5015.75,Net Banking,162,84,19,4,8,No,No
T10359,C1610,668.62,Debit Card,1146,2,3,0,8,Yes,No
T10360,C1262,817.08,Cash on Delivery,369,39,1,8,7,No,No
T10361,C1763,646.75,Credit Card,685,87,18,8,8,No,No
T10362,C1143,660.45,Debit Card,231,77,19,0,10,No,No
T10363,C1345,206.76,Cash on Delivery,1269,35,15,14,9,No,No
T10364,C1623,290.52,Debit Card,1196,9,3,14,3,No,No
T10365,C1571,1184.97,UPI,1237,67,0,5,1,No,No
T10366,C1880,4982.06,UPI,176,97,18,3,8,No,No
T10367,C1001,593.86,UPI,1452,65,7,6,7,No,No
T10368,C1896,576.65,Credit Card,885,36,0,15,9,No,No
T10369,C1303,6012.05,UPI,983,56,17,10,0,No,No
T10370,C1253,362.04,Credit Card,1073,32,13,5,8,No,No
T10371,C1651,208.25,UPI,1236,30,16,10,1,No,No
T10372,C1452,478.9,Debit Card,987,90,2,9,1,No,Yes
T10373,C1036,565.22,Cash on Delivery,1317,46,16,15,8,Yes,No
T10374,C1159,191.05,Cash on Delivery,1153,42,4,9,8,No,No
T10375,C1008,964.84,UPI,921,58,15,11,6,No,No
T10376,C1232,2831.17,Cash on Delivery,1431,51,13,6,3,Yes,No
T10377,C1098,303.09,UPI,404,43,8,0,9,No,No
T10378,C1658,1197.01,UPI,1000,4,15,8,1,No,No
T10379,C1815,1629.35,Net Banking,1180,30,15,12,5,No,No
T10380,C1207,1008.9,Net Banking,1327,61,6,2,6,No,No
T10381,C1130,1320.4,Net Banking,107,4,0,2,1,No,No
T10382,C1403,1335.86,Credit Card,871,33,20,14,6,No,No
T10383,C1151,486.52,Net Banking,87,36,17,4,9,No,Yes
T10384,C1053,4907.81,UPI,173,92,8,3,5,No,No
T10385,C1119,3819.05,Debit Card,553,13,15,0,8,No,No
T10386,C1672,3604.4,Net Banking,279,68,6,2,9,No,No
T10387,C1919,3022.0,Net Banking,1080,42,7,12,1,No,No
T10388,C1627,227.02,Debit Card,1043,58,13,15,2,No,No
T10389,C1586,2768.5,UPI,554,25,17,1,4,No,No
T10390,C1624,2112.45,Credit Card,1384,7,6,10,8,No,No
T10391,C1967,235.92,Net Banking,1321,18,18,9,2,Yes,No
T10392,C1419,884.56,Debit Card,242,58,14,15,7,Yes,No
T10393,C1421,1446.34,UPI,1019,85,13,3,2,No,No
T10394,C1103,5792.49,Cash on Delivery,954,100,7,10,10,No,No
T10395,C1851,2263.63,Credit Card,324,5,6,13,7,No,No
T10396,C1253,461.94,Debit Card,1073,32,13,5,8,No,No
T10397,C1226,5975.29,Debit Card,131,96,10,14,10,No,No
T10398,C1111,1145.71,Debit Card,143,77,19,12,7,No,No
T10399,C1509,849.08,Net Banking,1481,69,10,10,8,No,No
T10400,C1472,790.67,Cash on Delivery,950,28,6,9,5,No,No
T10401,C1098,216.25,Credit Card,404,43,8,0,9,No,No
T10402,C1152,982.63,UPI,843,78,6,11,2,No,No
T10403,C1860,1803.5,UPI,1084,42,19,5,2,No,Yes
T10404,C1913,745.92,Cash on Delivery,1072,55,19,15,8,No,No
T10405,C1895,1669.79,Debit Card,42,9,15,0,6,No,No
T10406,C1877,462.02,Debit Card,563,72,12,11,3,No,No
T10407,C1337,952.48,Debit Card,52,9,8,0,8,No,Yes
T10408,C1705,1504.99,Debit Card,1319,32,15,7,6,No,No
T10409,C1821,1325.65,Debit Card,1010,35,4,12,8,No,No
T10410,C1162,220.2,Cash on Delivery,466,39,11,0,4,No,Yes
T10411,C1719,706.97,Net Banking,1063,6,1,7,3,No,No
T10412,C1956,5869.14,Credit Card,764,89,20,9,8,No,No
T10413,C1680,670.19,Debit Card,18,59,17,11,5,No,No
T10414,C1995,1114.11,Net Banking,1441,53,14,9,7,No,No
T10415,C1160,1005.5,UPI,1295,69,17,8,10,No,No
T10416,C1579,5261.86,Cash on Delivery,1161,91,15,14,6,No,No
T10417,C1800,3985.3,Net Banking,1432,23,20,5,1,Yes,No
T10418,C1397,2459.05,Debit Card,1405,40,2,6,6,No,No
T10419,C1276,414.37,Debit Card,680,16,3,3,7,No,Yes
T10420,C1815,1570.55,Debit Card,1180,30,15,12,5,No,No
T10421,C1915,1935.15,Net Banking,19,56,11,8,2,No,No
T10422,C1503,545.33,Debit Card,1290,52,5,4,0,No,No
T10423,C1895,459.2,Net Banking,42,9,15,0,6,No,No
T10424,C1391,6033.09,Debit Card,1268,36,10,11,6,Yes,No
T10425,C1134,811.75,UPI,556,28,14,7,9,No,No
T10426,C1194,5513.62,UPI,1439,45,9,13,3,No,No
T10427,C1400,2972.31,Credit Card,769,32,10,1,0,No,No
T10428,C1639,1648.92,Debit Card,1361,98,10,1,5,Yes,No
T10429,C1032,1724.22,Debit Card,1332,87,7,13,0,No,No
T10430,C1687,270.31,Net Banking,1332,24,9,0,0,No,No
T10431,C1459,1348.54,Net Banking,740,2,15,14,0,No,No
T10432,C1954,4523.41,Debit Card,835,21,3,12,9,No,No
T10433,C1882,2167.52,Credit Card,1481,18,11,1,0,No,No
T10434,C1469,1279.64,Debit Card,1285,49,12,14,4,No,No
T10435,C1374,6075.0,Net Banking,517,59,16,9,2,No,No
T10436,C1021,911.38,Debit Card,533,38,11,5,6,No,No
T10437,C1749,590.19,Net Banking,218,23,10,8,1,No,No
T10438,C1669,1279.0,Debit Card,1210,91,20,0,9,No,No
T10439,C1037,2360.12,Cash on Delivery,1170,7,15,2,3,No,No
T10440,C1229,196.8,Net Banking,822,6,17,8,8,No,No
T10441,C1364,1458.07,Credit Card,1187,48,7,2,2,No,No
T10442,C1562,2465.98,Cash on Delivery,1326,32,4,13,4,No,No
T10443,C1437,837.45,Debit Card,156,27,8,8,4,No,No
T10444,C1775,3317.49,Net Banking,143,8,13,8,3,No,No
T10445,C1282,2082.21,Cash on Delivery,1353,33,4,0,8,No,No
T10446,C1026,9333.67,Credit Card,135,25,19,5,7,No,No
T10447,C1225,517.7,Net Banking,398,12,11,10,6,No,No
T10448,C1276,2516.72,Cash on Delivery,680,16,3,3,7,No,No
T10449,C1797,396.5,Cash on Delivery,1358,27,16,10,1,No,No
T10450,C1608,218.03,Cash on Delivery,1005,0,6,5,2,No,No
T10451,C1283,143.23,UPI,559,34,2,7,0,Yes,No
T10452,C1878,1878.68,Debit Card,1482,82,11,11,7,No,No
T10453,C1959,1318.5,Net Banking,1432,67,20,1,3,No,No
T10454,C1480,679.22,Net Banking,328,1,5,15,9,No,No
T10455,C1452,186.14,Net Banking,987,90,2,9,1,No,No
T10456,C1828,549.83,Cash on Delivery,63,3,20,1,4,No,No
T10457,C1815,1101.13,Debit Card,1180,30,15,12,5,No,No
T10458,C1658,2423.99,Credit Card,1000,4,15,8,1,No,No
T10459,C1515,1078.65,Net Banking,586,65,14,14,4,No,No
T10460,C1546,1411.01,Debit Card,881,26,18,4,2,No,No
T10461,C1191,752.85,Debit Card,271,99,6,15,2,No,No
T10462,C1048,6305.79,UPI,1281,83,0,3,3,No,No
T10463,C1511,396.13,Net Banking,1087,86,11,14,3,No,No
T10464,C1016,544.99,Cash on Delivery,635,48,18,5,9,No,No
T10465,C1171,670.24,Debit Card,891,15,14,15,0,No,No
T10466,C1219,1886.93,Debit Card,1278,42,11,15,8,No,No
T10467,C1157,388.05,Credit Card,588,96,0,12,7,No,No
T10468,C1476,1256.04,UPI,1270,1,16,3,6,No,No
T10469,C1045,1293.25,Debit Card,942,46,11,0,1,No,No
T10470,C1372,547.65,Debit Card,237,87,14,15,7,No,No
T10471,C1517,1525.35,Cash on Delivery,932,40,12,3,7,No,No
T10472,C1098,400.29,Cash on Delivery,404,43,8,0,9,No,No
T10473,C1891,358.86,Credit Card,653,50,10,8,9,No,No
T10474,C1744,1211.49,Credit Card,731,82,0,14,10,No,No
T10475,C1036,208.56,Credit Card,1317,46,16,15,8,Yes,No
T10476,C1279,128.41,Cash on Delivery,355,83,12,2,7,No,No
T10477,C1348,1868.39,Cash on Delivery,1391,91,1,13,6,No,No
T10478,C1496,3130.57,UPI,185,30,2,2,6,No,No
T10479,C1301,687.59,Net Banking,580,24,19,9,1,No,No
T10480,C1180,562.24,Net Banking,551,51,12,1,9,No,No
T10481,C1606,2997.5,UPI,1130,7,13,4,8,No,No
T10482,C1098,348.79,Net Banking,404,43,8,0,9,No,No
T10483,C1699,280.52,Cash on Delivery,1164,36,16,8,6,Yes,No
T10484,C1992,2225.28,Net Banking,392,26,10,5,3,No,No
T10485,C1115,1106.59,Cash on Delivery,798,45,3,4,8,No,No
T10486,C1190,3180.76,UPI,658,53,7,3,9,No,No
T10487,C1252,128.99,Credit Card,207,14,9,1,10,No,No
T10488,C1980,270.24,UPI,681,58,6,11,2,Yes,No
T10489,C1927,1112.46,Net Banking,997,87,13,9,9,No,No
T10490,C1982,1665.16,Cash on Delivery,1142,56,16,12,4,No,Yes
T10491,C1160,2558.04,Net Banking,1295,69,17,8,10,No,No
T10492,C1255,1306.12,Net Banking,129,52,11,11,0,No,No
T10493,C1322,1292.92,Credit Card,599,42,12,9,7,No,No
T10494,C1127,742.93,Net Banking,1317,38,5,2,3,No,No
T10495,C1017,5382.48,Credit Card,205,20,6,2,0,No,Yes
T10496,C1792,363.94,Cash on Delivery,904,42,3,8,0,No,No
T10497,C1734,1570.3,Cash on Delivery,245,1,12,13,7,No,No
T10498,C1565,408.38,Credit Card,1195,89,10,9,1,No,No
T10499,C1569,1872.03,UPI,253,32,11,14,9,No,No
T10500,C1322,388.77,Cash on Delivery,599,42,12,9,7,No,No
T10501,C1871,2307.26,UPI,531,57,6,12,8,No,No
T10502,C1685,1226.73,Cash on Delivery,443,100,20,1,6,No,No
T10503,C1791,6276.95,Cash on Delivery,424,9,16,15,0,No,Yes
T10504,C1625,827.97,Debit Card,195,11,6,8,8,No,No
T10505,C1287,1677.34,Net Banking,1170,17,18,7,5,No,No
T10506,C1942,502.88,Net Banking,75,75,15,12,9,No,No
T10507,C1853,822.3,UPI,706,100,7,7,10,No,No
T10508,C1662,1218.96,Net Banking,1466,27,13,10,0,No,No
T10509,C1961,238.12,UPI,482,12,5,0,5,No,No
T10510,C1638,265.7,Cash on Delivery,308,75,16,15,5,No,No
T10511,C1154,1997.91,Debit Card,392,51,10,7,1,No,Yes
T10512,C1489,947.58,Debit Card,372,68,14,4,0,No,No
T10513,C1385,606.12,Cash on Delivery,448,39,2,7,9,No,No
T10514,C1985,524.8,Credit Card,483,33,12,1,0,No,No
T10515,C1784,545.4,Credit Card,160,73,15,10,0,No,No
T10516,C1103,1227.27,Net Banking,954,100,7,10,10,No,No
T10517,C1928,1711.35,UPI,160,38,13,7,7,No,No
T10518,C1392,135.35,Debit Card,226,86,11,9,10,No,No
T10519,C1810,4504.51,Net Banking,1177,60,14,7,10,No,No
T10520,C1245,4195.22,Cash on Delivery,368,94,18,5,0,No,No
T10521,C1175,106.63,Debit Card,1050,8,4,13,6,No,No
T10522,C1038,3248.43,UPI,404,53,18,10,1,No,No
T10523,C1476,3150.19,UPI,1270,1,16,3,6,No,No
T10524,C1681,1097.12,Credit Card,64,68,16,8,0,No,No
T10525,C1758,299.71,Net Banking,353,67,8,14,5,No,Yes
T10526,C1537,3026.7,Cash on Delivery,1442,12,12,10,9,No,No
T10527,C1866,861.58,Debit Card,91,30,3,5,3,No,No
T10528,C1817,1898.61,UPI,518,36,1,13,10,No,No
T10529,C1920,10089.0,Debit Card,741,39,13,2,3,No,No
T10530,C1407,1410.69,Cash on Delivery,1387,18,13,13,3,No,No
T10531,C1524,438.39,Debit Card,346,81,1,3,0,No,No
T10532,C1827,783.89,Net Banking,1279,36,17,0,4,No,Yes
T10533,C1505,497.98,Credit Card,814,30,15,12,0,No,No
T10534,C1902,1691.7,Debit Card,1301,30,19,15,4,Yes,No
T10535,C1824,489.77,Credit Card,67,88,15,10,4,Yes,No
T10536,C1035,683.45,Cash on Delivery,693,75,3,13,9,No,No
T10537,C1684,303.56,Credit Card,1041,33,15,14,4,No,Yes
T10538,C1019,960.94,Debit Card,1094,51,11,11,1,Yes,No
T10539,C1320,1308.65,Debit Card,889,92,2,14,4,No,No
T10540,C1775,74.83,UPI,143,8,13,8,3,No,No
T10541,C1511,1421.65,Debit Card,1087,86,11,14,3,No,No
T10542,C1399,1047.64,Credit Card,166,19,10,12,9,No,No
T10543,C1653,510.3,UPI,333,25,1,0,1,No,No
T10544,C1971,8338.42,Debit Card,806,19,4,14,8,No,No
T10545,C1882,2859.71,Debit Card,1481,18,11,1,0,No,No
T10546,C1470,366.35,Cash on Delivery,1147,68,13,8,10,No,No
T10547,C1142,2535.73,UPI,934,46,9,1,2,No,No
T10548,C1091,3806.62,Cash on Delivery,1284,48,15,3,4,No,No
T10549,C1353,1251.4,Cash on Delivery,478,98,18,1,4,No,No
T10550,C1833,1574.1,Cash on Delivery,71,77,16,6,9,No,No
T10551,C1799,1538.17,Net Banking,623,35,1,11,8,No,No
T10552,C1726,136.21,Cash on Delivery,750,63,9,9,0,No,No
T10553,C1958,909.71,Credit Card,692,11,14,14,2,No,No
T10554,C1853,863.58,Debit Card,706,100,7,7,10,No,Yes
T10555,C1050,4583.21,Net Banking,477,15,13,5,1,No,No
T10556,C1664,1531.08,Cash on Delivery,895,60,1,11,10,No,No
T10557,C1697,814.35,Debit Card,870,19,18,2,9,No,No
T10558,C1574,1002.12,UPI,1089,5,19,7,1,No,No
T10559,C1189,3051.49,UPI,1429,44,18,7,10,No,No
T10560,C1124,911.8,Debit Card,1087,80,0,5,8,No,No
T10561,C1149,545.56,Credit Card,1057,4,15,7,9,No,No
T10562,C1313,832.39,Debit Card,199,24,4,10,2,No,No
T10563,C1569,2809.32,Debit Card,253,32,11,14,9,No,No
T10564,C1341,1801.12,Net Banking,1136,31,4,12,2,Yes,No
T10565,C1304,1146.27,UPI,1005,65,7,1,9,No,No
T10566,C1691,1328.15,UPI,1499,53,14,8,4,No,Yes
T10567,C1681,626.57,Cash on Delivery,64,68,16,8,0,Yes,No
T10568,C1837,903.3,Debit Card,1087,97,8,6,9,Yes,No
T10569,C1782,564.93,Debit Card,423,75,11,3,7,No,No
T10570,C1053,816.66,Credit Card,173,92,8,3,5,No,No
T10571,C1443,4214.04,UPI,1219,37,15,8,5,No,No
T10572,C1612,373.21,Credit Card,1336,91,6,9,10,No,No
T10573,C1992,550.75,Net Banking,392,26,10,5,3,No,No
T10574,C1263,312.84,Cash on Delivery,833,29,6,13,8,No,No
T10575,C1052,251.91,Credit Card,220,89,10,14,5,No,No
T10576,C1571,909.8,UPI,1237,67,0,5,1,No,No
T10577,C1619,591.34,Net Banking,459,67,14,13,0,No,No
T10578,C1004,6384.89,Debit Card,1405,58,6,8,8,No,No
T10579,C1102,826.46,Net Banking,446,72,17,8,6,No,No
T10580,C1195,3981.43,Credit Card,28,95,15,1,8,No,No
T10581,C1773,2887.1,UPI,1365,7,15,14,3,No,No
T10582,C1876,889.84,Credit Card,80,62,13,10,7,No,No
T10583,C1991,9046.52,Debit Card,1000,30,20,8,5,Yes,No
T10584,C1883,1434.45,Debit Card,423,62,9,15,9,No,No
T10585,C1349,4979.12,UPI,1311,20,18,12,10,Yes,No
T10586,C1046,4431.96,Cash on Delivery,1021,87,6,2,2,No,No
T10587,C1866,1660.12,Net Banking,91,30,3,5,3,No,Yes
T10588,C1822,2324.2,Net Banking,1350,39,2,2,9,No,No
T10589,C1935,2046.88,Debit Card,854,89,20,14,10,Yes,No
T10590,C1819,349.23,Credit Card,1262,99,12,15,9,No,No
T10591,C1655,1161.29,Credit Card,1392,33,15,0,9,No,No
T10592,C1268,3210.71,Cash on Delivery,238,3,8,10,2,No,No
T10593,C1369,5045.17,Credit Card,318,88,18,7,3,Yes,No
T10594,C1635,533.45,Net Banking,66,86,0,4,5,No,No
T10595,C1105,1860.93,Credit Card,112,52,19,1,6,No,No
T10596,C1669,1275.22,Cash on Delivery,1210,91,20,0,9,No,No
T10597,C1658,974.7,Net Banking,1000,4,15,8,1,No,No
T10598,C1656,1565.57,Credit Card,742,45,15,3,1,No,No
T10599,C1119,1363.76,Net Banking,553,13,15,0,8,No,Yes
T10600,C1830,1884.48,Debit Card,403,80,7,13,5,No,No
T10601,C1786,4636.51,Debit Card,1231,67,18,0,4,No,No
T10602,C1603,2402.17,Debit Card,301,82,0,8,7,No,No
T10603,C1057,1496.06,Credit Card,761,78,18,10,4,No,No
T10604,C1950,7077.14,Cash on Delivery,700,14,6,11,8,No,No
T10605,C1345,3327.34,Net Banking,1269,35,15,14,9,No,No
T10606,C1740,999.85,UPI,687,51,8,6,1,No,No
T10607,C1473,324.69,Debit Card,637,92,17,7,7,No,No
T10608,C1116,408.37,Debit Card,269,89,6,8,10,No,No
T10609,C1829,2788.43,UPI,814,21,8,10,1,No,No
T10610,C1790,583.88,UPI,232,2,20,14,1,No,Yes
T10611,C1126,400.19,Credit Card,192,18,2,3,6,No,Yes
T10612,C1392,513.84,Net Banking,226,86,11,9,10,Yes,No
T10613,C1907,551.49,Debit Card,720,14,1,13,9,No,No
T10614,C1640,2567.4,Cash on Delivery,783,17,11,9,4,No,No
T10615,C1057,937.54,Credit Card,761,78,18,10,4,No,No
T10616,C1633,278.0,Credit Card,974,96,5,8,1,No,No
T10617,C1512,1131.21,Cash on Delivery,922,15,19,14,1,Yes,No
T10618,C1750,1369.59,Cash on Delivery,1465,87,4,14,6,Yes,No
T10619,C1801,679.03,Cash on Delivery,17,53,6,7,2,No,No
T10620,C1095,3483.82,UPI,359,41,9,10,6,Yes,No
T10621,C1637,719.86,Debit Card,571,76,19,12,5,No,No
T10622,C1117,3322.05,UPI,1260,57,18,6,1,No,No
T10623,C1559,1991.78,Debit Card,113,41,11,5,7,No,Yes
T10624,C1600,2770.01,UPI,1330,86,6,15,4,No,No
T10625,C1487,365.57,Net Banking,1100,48,10,15,2,No,No
T10626,C1236,1209.92,Debit Card,205,87,19,12,2,No,No
T10627,C1884,1040.2,Credit Card,1124,55,1,13,1,No,Yes
T10628,C1896,264.54,Debit Card,885,36,0,15,9,Yes,No
T10629,C1271,3311.18,Debit Card,138,11,15,13,5,No,No
T10630,C1188,484.25,Debit Card,474,47,16,7,3,No,No
T10631,C1998,596.11,Net Banking,287,41,10,11,2,No,No
T10632,C1703,398.09,UPI,50,44,3,11,8,Yes,No
T10633,C1446,2210.97,Credit Card,1158,83,9,10,6,No,No
T10634,C1580,238.43,UPI,247,34,0,3,0,Yes,No
T10635,C1789,2034.23,UPI,672,4,15,8,9,No,No
T10636,C1860,3116.65,Cash on Delivery,1084,42,19,5,2,Yes,No
T10637,C1246,1876.53,Net Banking,536,49,9,5,9,No,No
T10638,C1962,2236.41,Cash on Delivery,980,56,11,15,5,Yes,No
T10639,C1075,2343.84,Net Banking,1465,36,18,7,5,No,No
T10640,C1153,424.36,UPI,265,14,14,1,9,No,No
T10641,C1655,4604.25,UPI,1392,33,15,0,9,No,No
T10642,C1434,692.23,Net Banking,754,59,0,3,1,No,No
T10643,C1996,1026.19,UPI,1167,8,11,14,9,No,No
T10644,C1085,786.32,UPI,99,57,17,8,0,No,No
T10645,C1696,1792.81,Credit Card,711,37,7,8,1,No,No
T10646,C1284,640.32,Cash on Delivery,849,98,15,15,2,No,No
T10647,C1973,1172.53,Cash on Delivery,835,74,2,5,10,No,No
T10648,C1219,318.83,Cash on Delivery,1278,42,11,15,8,Yes,No
T10649,C1068,3514.54,Debit Card,1275,97,8,14,7,No,No
T10650,C1046,2144.67,Credit Card,1021,87,6,2,2,No,No
T10651,C1093,818.72,Cash on Delivery,1440,67,10,6,1,Yes,Yes
T10652,C1749,685.98,Cash on Delivery,218,23,10,8,1,No,No
T10653,C1957,2089.39,Credit Card,358,77,5,6,5,No,No
T10654,C1452,540.61,UPI,987,90,2,9,1,No,No
T10655,C1203,1243.1,Cash on Delivery,444,88,7,7,2,No,No
T10656,C1911,3503.08,UPI,1204,93,20,3,5,No,No
T10657,C1217,487.23,Cash on Delivery,1370,23,6,15,2,No,No
T10658,C1473,1585.41,Net Banking,637,92,17,7,7,No,No
T10659,C1431,1503.76,Debit Card,85,39,7,14,2,Yes,No
T10660,C1340,994.92,Cash on Delivery,441,46,13,6,0,No,No
T10661,C1550,662.63,Net Banking,592,92,20,4,10,Yes,No
T10662,C1611,3695.23,Credit Card,1101,52,1,2,10,No,No
T10663,C1288,603.31,Net Banking,1176,49,13,13,9,No,No
T10664,C1253,179.1,Credit Card,1073,32,13,5,8,No,No
T10665,C1733,2080.85,Cash on Delivery,249,62,3,15,9,No,No
T10666,C1356,329.87,Credit Card,115,99,15,2,1,No,No
T10667,C1022,2190.49,Net Banking,108,48,18,1,10,No,No
T10668,C1761,4166.8,Debit Card,702,4,4,13,1,No,No
T10669,C1521,2058.54,UPI,1013,88,12,0,2,No,No
T10670,C1757,3201.62,UPI,1134,76,10,1,1,No,No
T10671,C1836,8267.18,Debit Card,946,71,6,9,10,No,No
T10672,C1099,2883.5,UPI,1226,97,4,7,3,No,No
T10673,C1801,1526.26,Cash on Delivery,17,53,6,7,2,No,Yes
T10674,C1179,5619.22,Cash on Delivery,1084,7,5,7,8,No,No
T10675,C1222,6340.9,Net Banking,1200,60,16,6,4,No,No
T10676,C1905,6430.27,Net Banking,1145,72,6,3,7,No,Yes
T10677,C1761,670.39,Credit Card,702,4,4,13,1,No,No
T10678,C1658,283.15,Net Banking,1000,4,15,8,1,No,No
T10679,C1441,630.69,Cash on Delivery,580,53,17,2,8,No,No
T10680,C1607,2216.4,Net Banking,1425,77,13,5,9,No,No
T10681,C1768,1285.83,UPI,958,50,0,7,7,No,No
T10682,C1324,892.05,Credit Card,600,41,1,4,7,No,Yes
T10683,C1515,1920.77,Credit Card,586,65,14,14,4,No,No
T10684,C1015,251.94,Cash on Delivery,1005,83,12,10,2,No,No
T10685,C1791,1262.9,Net Banking,424,9,16,15,0,No,No
T10686,C1335,3355.84,UPI,1414,27,4,14,8,No,No
T10687,C1758,1899.44,Net Banking,353,67,8,14,5,No,No
T10688,C1257,2190.34,Debit Card,614,16,5,12,8,No,No
T10689,C1496,5417.41,Net Banking,185,30,2,2,6,No,No
T10690,C1987,1026.45,Cash on Delivery,1117,21,4,8,10,No,Yes
T10691,C1895,570.73,Net Banking,42,9,15,0,6,No,No
T10692,C1159,3602.97,Credit Card,1153,42,4,9,8,No,No
T10693,C1474,3537.31,UPI,112,89,20,11,3,No,No
T10694,C1851,1916.57,Cash on Delivery,324,5,6,13,7,No,No
T10695,C1663,934.14,Debit Card,514,25,9,8,1,No,No
T10696,C1907,1098.15,UPI,720,14,1,13,9,No,No
T10697,C1689,305.89,UPI,496,28,11,0,6,No,No
T10698,C1674,3337.4,Credit Card,1222,41,13,0,7,No,No
T10699,C1379,3221.66,Credit Card,38,31,19,15,3,Yes,No
T10700,C1544,295.4,Credit Card,489,30,20,3,3,No,No
T10701,C1928,2611.37,Cash on Delivery,160,38,13,7,7,No,No
T10702,C1956,1642.71,Net Banking,764,89,20,9,8,Yes,No
T10703,C1690,394.66,UPI,426,24,7,6,5,No,No
T10704,C1426,328.32,Net Banking,898,52,18,5,8,Yes,No
T10705,C1612,1593.19,Net Banking,1336,91,6,9,10,No,No
T10706,C1267,736.78,Credit Card,643,12,13,5,7,Yes,Yes
T10707,C1834,6767.92,Net Banking,878,77,4,11,7,Yes,No
T10708,C1576,2842.95,UPI,1370,68,5,0,9,No,No
T10709,C1416,1761.1,UPI,1292,57,8,2,8,No,No
T10710,C1167,1850.26,Debit Card,1050,85,16,6,5,No,No
T10711,C1841,4150.01,Cash on Delivery,393,79,12,15,10,No,No
T10712,C1042,2556.82,Net Banking,855,20,18,0,7,No,No
T10713,C1555,1807.62,Cash on Delivery,1177,84,4,11,0,No,No
T10714,C1284,411.47,Cash on Delivery,849,98,15,15,2,No,No
T10715,C1396,23434.09,Cash on Delivery,721,54,19,15,5,No,No
T10716,C1011,363.88,Cash on Delivery,748,11,2,13,0,No,No
T10717,C1606,802.28,UPI,1130,7,13,4,8,No,No
T10718,C1301,209.61,Net Banking,580,24,19,9,1,No,Yes
T10719,C1897,1879.57,Debit Card,1413,47,3,15,7,No,No
T10720,C1252,1275.52,Cash on Delivery,207,14,9,1,10,No,No
T10721,C1498,2357.31,Debit Card,31,10,19,12,10,No,No
T10722,C1753,192.66,UPI,589,93,19,7,0,No,No
T10723,C1034,3337.26,UPI,1385,39,10,6,7,No,No
T10724,C1726,489.1,Credit Card,750,63,9,9,0,No,No
T10725,C1848,944.82,Cash on Delivery,1218,5,15,9,0,No,No
T10726,C1089,2783.8,Credit Card,34,94,12,2,6,No,No
T10727,C1775,1424.06,Debit Card,143,8,13,8,3,No,No
T10728,C1604,1528.35,Net Banking,1223,6,10,7,5,No,No
T10729,C1921,2438.6,Credit Card,1116,29,3,9,10,No,No
T10730,C1969,1683.77,UPI,1499,2,8,5,7,No,No
T10731,C1601,779.69,Cash on Delivery,872,88,10,6,2,Yes,No
T10732,C1417,928.46,Debit Card,1162,58,12,13,6,No,No
T10733,C1114,1355.44,UPI,579,85,1,2,2,No,No
T10734,C1616,447.84,Net Banking,518,99,6,3,2,No,No
T10735,C1902,2969.08,Cash on Delivery,1301,30,19,15,4,Yes,No
T10736,C1195,1463.6,Net Banking,28,95,15,1,8,No,No
T10737,C1825,1181.78,Net Banking,1200,80,10,6,0,No,Yes
T10738,C1500,3613.73,Cash on Delivery,99,14,8,5,10,No,No
T10739,C1625,972.52,Cash on Delivery,195,11,6,8,8,No,No
T10740,C1492,913.77,Net Banking,110,16,17,7,2,No,No
T10741,C1074,675.44,Debit Card,1218,95,13,3,8,No,No
T10742,C1412,1545.44,Cash on Delivery,1113,9,1,14,9,No,Yes
T10743,C1375,1492.86,UPI,1245,75,10,6,8,No,No
T10744,C1419,563.25,Credit Card,242,58,14,15,7,No,No
T10745,C1728,918.1,Debit Card,453,53,13,5,8,No,No
T10746,C1276,567.02,Cash on Delivery,680,16,3,3,7,No,No
T10747,C1760,541.93,Cash on Delivery,1438,96,15,4,6,No,No
T10748,C1675,194.44,Debit Card,1373,61,4,5,5,No,No
T10749,C1393,870.52,Credit Card,465,74,8,8,4,No,No
T10750,C1868,199.89,Net Banking,1241,56,8,0,0,Yes,No
T10751,C1456,690.34,UPI,1368,97,5,15,5,No,No
T10752,C1919,594.25,Cash on Delivery,1080,42,7,12,1,No,No
T10753,C1191,3139.74,Credit Card,271,99,6,15,2,No,No
T10754,C1738,397.45,UPI,986,49,4,11,2,No,No
T10755,C1688,512.25,Debit Card,444,41,3,4,5,No,No
T10756,C1098,748.8,Cash on Delivery,404,43,8,0,9,No,No
T10757,C1547,613.91,Net Banking,1335,59,15,13,0,No,No
T10758,C1977,4312.42,Debit Card,991,54,20,3,8,No,No
T10759,C1998,351.23,Cash on Delivery,287,41,10,11,2,No,No
T10760,C1095,750.39,Credit Card,359,41,9,10,6,No,No
T10761,C1663,1528.54,UPI,514,25,9,8,1,No,Yes
T10762,C1662,2647.0,UPI,1466,27,13,10,0,Yes,No
T10763,C1189,749.76,Cash on Delivery,1429,44,18,7,10,Yes,No
T10764,C1735,161.08,Debit Card,251,78,17,5,7,No,No
T10765,C1036,943.78,Net Banking,1317,46,16,15,8,No,No
T10766,C1779,4238.77,Credit Card,32,12,7,4,8,Yes,Yes
T10767,C1368,1454.17,Cash on Delivery,718,26,7,3,8,No,No
T10768,C1694,1389.11,Credit Card,351,14,14,1,8,No,No
T10769,C1524,378.79,UPI,346,81,1,3,0,No,No
T10770,C1278,341.84,Net Banking,938,31,18,9,8,No,No
T10771,C1216,1116.6,Credit Card,147,29,15,10,5,No,No
T10772,C1866,263.39,Cash on Delivery,91,30,3,5,3,No,No
T10773,C1872,2395.54,Net Banking,538,72,11,6,0,No,No
T10774,C1797,470.29,Debit Card,1358,27,16,10,1,No,No
T10775,C1272,1069.92,Cash on Delivery,1293,64,18,13,5,No,No
T10776,C1880,166.37,Credit Card,176,97,18,3,8,No,No
T10777,C1061,739.67,Net Banking,798,83,12,6,3,No,No
T10778,C1595,335.0,Cash on Delivery,1446,47,14,12,7,No,No
T10779,C1879,107.56,Net Banking,614,14,0,7,3,No,No
T10780,C1728,1885.3,Net Banking,453,53,13,5,8,No,No
T10781,C1341,5659.89,Net Banking,1136,31,4,12,2,No,No
T10782,C1396,3393.01,Credit Card,721,54,19,15,5,No,No
T10783,C1698,2168.28,Cash on Delivery,1185,22,8,15,9,Yes,No
T10784,C1018,724.79,UPI,740,59,9,9,7,Yes,No
T10785,C1176,2455.02,UPI,1107,64,10,6,9,Yes,No
T10786,C1611,3728.84,Credit Card,1101,52,1,2,10,No,No
T10787,C1395,1257.43,Credit Card,293,84,12,1,3,No,No
T10788,C1444,335.51,Net Banking,554,8,5,11,10,No,No
T10789,C1232,665.55,Cash on Delivery,1431,51,13,6,3,No,No
T10790,C1914,6019.12,Cash on Delivery,897,6,12,14,1,No,No
T10791,C1075,1017.65,Debit Card,1465,36,18,7,5,No,No
T10792,C1264,39.46,Debit Card,526,68,11,4,1,No,No
T10793,C1454,252.42,UPI,290,79,8,13,0,No,Yes
T10794,C1795,717.34,Debit Card,894,20,4,10,9,No,No
T10795,C1717,3089.69,Debit Card,98,59,15,6,5,Yes,No
T10796,C1734,834.54,UPI,245,1,12,13,7,Yes,No
T10797,C1383,3147.71,UPI,1227,68,0,3,5,No,No
T10798,C1563,647.97,Debit Card,734,19,13,2,7,No,No
T10799,C1850,153.81,Cash on Delivery,247,81,16,14,4,No,No
T10800,C1505,670.78,Debit Card,814,30,15,12,0,No,No
T10801,C1366,1548.35,Net Banking,1101,41,6,14,7,No,No
T10802,C1143,1425.03,Net Banking,231,77,19,0,10,No,No
T10803,C1884,312.59,Net Banking,1124,55,1,13,1,Yes,Yes
T10804,C1068,771.86,Credit Card,1275,97,8,14,7,No,No
T10805,C1098,16069.43,Net Banking,404,43,8,0,9,No,No
T10806,C1395,319.49,Cash on Delivery,293,84,12,1,3,No,No
T10807,C1024,2123.29,Credit Card,1265,99,7,14,5,No,Yes
T10808,C1947,134.74,Credit Card,587,44,16,0,0,No,No
T10809,C1890,2601.37,Net Banking,1342,65,0,12,7,No,No
T10810,C1468,449.29,Debit Card,1384,58,17,8,6,No,No
T10811,C1483,1639.4,UPI,367,61,10,2,4,No,No
T10812,C1564,301.41,Debit Card,1245,24,15,5,1,No,No
T10813,C1150,1466.82,Debit Card,260,30,14,4,2,No,No
T10814,C1143,442.02,Credit Card,231,77,19,0,10,No,No
T10815,C1568,536.44,Credit Card,213,31,14,5,10,No,No
T10816,C1038,1706.14,Credit Card,404,53,18,10,1,Yes,No
T10817,C1108,713.09,Cash on Delivery,688,6,19,2,2,No,No
T10818,C1692,1604.2,Cash on Delivery,1269,72,20,5,5,No,No
T10819,C1041,906.11,UPI,1143,53,12,8,8,No,No
T10820,C1185,1173.2,Credit Card,461,57,4,14,4,No,No
T10821,C1934,1711.43,Net Banking,462,48,20,6,9,No,No
T10822,C1397,772.77,Credit Card,1405,40,2,6,6,No,No
T10823,C1222,405.03,Cash on Delivery,1200,60,16,6,4,No,No
T10824,C1633,643.99,Credit Card,974,96,5,8,1,No,No
T10825,C1132,3623.3,Cash on Delivery,276,22,5,2,3,No,No
T10826,C1162,1231.73,Credit Card,466,39,11,0,4,Yes,No
T10827,C1214,471.11,Net Banking,716,46,12,7,8,No,No
T10828,C1732,1638.54,UPI,293,43,19,7,1,No,No
T10829,C1234,1751.65,Net Banking,334,63,11,9,7,No,No
T10830,C1842,1844.57,Cash on Delivery,772,93,15,5,10,No,No
T10831,C1657,412.47,Debit Card,506,68,1,2,9,No,Yes
T10832,C1750,554.25,Net Banking,1465,87,4,14,6,No,No
T10833,C1587,557.34,Credit Card,809,85,9,14,3,No,No
T10834,C1008,764.6,UPI,921,58,15,11,6,No,No
T10835,C1073,1879.8,Credit Card,1431,47,0,5,8,No,No
T10836,C1953,1474.66,Credit Card,1275,11,3,14,3,No,No
T10837,C1491,1595.94,Net Banking,264,3,19,2,10,No,No
T10838,C1912,4247.22,UPI,933,52,16,12,1,Yes,No
T10839,C1252,2183.95,Debit Card,207,14,9,1,10,No,No
T10840,C1229,951.65,Credit Card,822,6,17,8,8,No,No
T10841,C1518,335.67,UPI,1293,97,7,8,2,No,No
T10842,C1173,536.71,Debit Card,950,46,2,6,10,No,No
T10843,C1652,844.12,Credit Card,580,87,10,9,3,No,No
T10844,C1167,2512.74,UPI,1050,85,16,6,5,No,No
T10845,C1169,1067.07,Net Banking,511,46,3,15,5,No,No
T10846,C1392,568.96,Credit Card,226,86,11,9,10,No,No
T10847,C1945,526.95,Credit Card,503,77,19,11,4,No,No
T10848,C1794,1022.93,UPI,837,13,8,5,9,Yes,No
T10849,C1633,2670.41,Credit Card,974,96,5,8,1,No,No
T10850,C1193,5383.1,Debit Card,171,84,14,3,7,No,No
T10851,C1516,892.68,Credit Card,818,37,11,4,8,Yes,No
T10852,C1028,1048.65,Cash on Delivery,1464,6,9,15,6,No,No
T10853,C1164,325.73,Debit Card,1194,1,18,6,7,No,No
T10854,C1421,7625.04,UPI,1019,85,13,3,2,Yes,No
T10855,C1338,270.16,Debit Card,15,50,4,0,6,No,No
T10856,C1647,3539.22,Cash on Delivery,987,22,9,15,1,Yes,No
T10857,C1495,761.02,Cash on Delivery,226,52,7,9,7,No,No
T10858,C1364,602.23,Credit Card,1187,48,7,2,2,No,No
T10859,C1832,361.4,Credit Card,1353,80,4,6,1,No,Yes
T10860,C1341,12210.46,Net Banking,1136,31,4,12,2,No,No
T10861,C1499,1368.53,Debit Card,614,33,15,8,2,Yes,No
T10862,C1656,1120.22,Net Banking,742,45,15,3,1,Yes,No
T10863,C1510,2661.73,Cash on Delivery,88,13,1,0,7,Yes,No
T10864,C1326,572.02,Credit Card,483,47,4,8,0,No,No
T10865,C1216,1098.66,Credit Card,147,29,15,10,5,No,No
T10866,C1300,1160.19,Credit Card,225,94,8,10,2,No,Yes
T10867,C1131,657.11,UPI,622,49,19,13,7,No,No
T10868,C1803,3639.63,Cash on Delivery,226,16,12,4,5,No,Yes
T10869,C1069,881.25,Credit Card,488,48,11,0,3,No,No
T10870,C1251,232.03,Cash on Delivery,1461,38,12,13,3,No,No
T10871,C1414,811.19,Credit Card,41,92,12,8,8,No,No
T10872,C1786,1406.95,Debit Card,1231,67,18,0,4,Yes,Yes
T10873,C1444,448.77,Cash on Delivery,554,8,5,11,10,No,No
T10874,C1875,485.61,Net Banking,1247,9,8,1,3,No,No
T10875,C1181,635.07,UPI,292,17,1,15,3,No,No
T10876,C1166,3719.1,Net Banking,1198,86,10,11,1,No,No
T10877,C1090,673.74,Cash on Delivery,19,6,12,10,6,No,No
T10878,C1713,4578.46,Credit Card,388,55,6,13,4,Yes,No
T10879,C1857,592.91,Cash on Delivery,930,37,0,6,3,No,No
T10880,C1530,1517.8,UPI,136,10,16,12,4,No,No
T10881,C1038,701.88,Cash on Delivery,404,53,18,10,1,Yes,No
T10882,C1125,2331.07,Credit Card,404,33,14,6,5,No,No
T10883,C1450,358.43,Net Banking,542,92,17,0,7,No,No
T10884,C1172,2305.05,Debit Card,579,58,18,13,2,No,No
T10885,C1652,1228.89,Net Banking,580,87,10,9,3,No,No
T10886,C1753,578.25,Credit Card,589,93,19,7,0,No,No
T10887,C1219,928.69,Credit Card,1278,42,11,15,8,No,No
T10888,C1637,5084.01,UPI,571,76,19,12,5,No,No
T10889,C1057,1258.71,Cash on Delivery,761,78,18,10,4,No,No
T10890,C1659,543.09,Cash on Delivery,1200,60,4,0,4,No,No
T10891,C1475,328.75,Net Banking,593,66,3,11,4,Yes,No
T10892,C1455,1817.84,Debit Card,1192,35,7,15,0,Yes,No
T10893,C1828,1333.88,Debit Card,63,3,20,1,4,Yes,No
T10894,C1894,2197.38,UPI,511,56,1,7,9,No,No
T10895,C1360,254.11,Credit Card,382,59,20,2,10,No,No
T10896,C1934,339.59,UPI,462,48,20,6,9,No,No
T10897,C1000,3452.59,Cash on Delivery,438,2,9,7,1,No,No
T10898,C1386,1527.43,Credit Card,684,84,7,8,7,Yes,No
T10899,C1972,1869.45,UPI,172,24,5,9,9,Yes,No
T10900,C1347,418.77,Net Banking,1389,15,7,7,7,Yes,No
T10901,C1189,411.17,Cash on Delivery,1429,44,18,7,10,No,No
T10902,C1504,2955.01,Debit Card,652,47,6,4,9,Yes,No
T10903,C1190,3097.58,UPI,658,53,7,3,9,No,No
T10904,C1507,369.33,Cash on Delivery,1020,27,9,1,1,No,No
T10905,C1368,305.1,Cash on Delivery,718,26,7,3,8,No,No
T10906,C1408,983.78,Debit Card,567,42,0,11,6,No,No
T10907,C1823,493.07,Debit Card,590,89,14,5,10,No,No
T10908,C1928,482.91,Debit Card,160,38,13,7,7,No,No
T10909,C1933,313.76,UPI,853,58,3,5,9,No,No
T10910,C1116,686.47,Debit Card,269,89,6,8,10,Yes,No
T10911,C1133,345.61,Net Banking,651,87,7,3,0,Yes,No
T10912,C1057,366.72,Cash on Delivery,761,78,18,10,4,No,No
T10913,C1555,1477.92,Debit Card,1177,84,4,11,0,No,No
T10914,C1684,1037.74,Cash on Delivery,1041,33,15,14,4,No,No
T10915,C1671,1780.91,Credit Card,913,2,1,14,6,No,Yes
T10916,C1172,210.81,Credit Card,579,58,18,13,2,No,No
T10917,C1828,1107.52,Debit Card,63,3,20,1,4,No,No
T10918,C1814,8739.76,Cash on Delivery,1141,42,6,3,7,No,No
T10919,C1148,755.76,Credit Card,146,48,3,6,1,No,No
T10920,C1079,2501.76,Debit Card,1004,72,4,13,5,No,No
T10921,C1885,2479.98,Cash on Delivery,1427,20,17,0,6,No,No
T10922,C1212,2605.03,Debit Card,606,67,11,4,2,No,No
T10923,C1202,1295.51,Cash on Delivery,856,87,2,14,5,Yes,No
T10924,C1763,1931.57,Credit Card,685,87,18,8,8,No,No
T10925,C1228,2206.17,Debit Card,892,95,10,12,10,No,No
T10926,C1675,2070.29,Credit Card,1373,61,4,5,5,No,No
T10927,C1226,358.73,Debit Card,131,96,10,14,10,No,No
T10928,C1658,198.86,UPI,1000,4,15,8,1,Yes,No
T10929,C1531,231.93,Credit Card,1328,0,8,0,9,No,No
T10930,C1440,837.01,Credit Card,1249,4,9,2,9,Yes,Yes
T10931,C1401,1986.1,Net Banking,1242,39,20,6,8,No,No
T10932,C1046,363.43,Credit Card,1021,87,6,2,2,No,No
T10933,C1232,2762.72,Cash on Delivery,1431,51,13,6,3,Yes,No
T10934,C1304,663.63,Debit Card,1005,65,7,1,9,No,No
T10935,C1525,669.98,UPI,724,76,0,15,3,No,No
T10936,C1142,475.27,Cash on Delivery,934,46,9,1,2,Yes,No
T10937,C1414,166.54,Cash on Delivery,41,92,12,8,8,No,No
T10938,C1512,1379.28,Cash on Delivery,922,15,19,14,1,No,Yes
T10939,C1372,6079.44,Cash on Delivery,237,87,14,15,7,Yes,No
T10940,C1565,1030.02,UPI,1195,89,10,9,1,Yes,No
T10941,C1885,172.32,Net Banking,1427,20,17,0,6,No,No
T10942,C1258,2393.1,Credit Card,35,88,11,4,4,No,No
T10943,C1655,215.98,Cash on Delivery,1392,33,15,0,9,No,No
T10944,C1470,327.33,Credit Card,1147,68,13,8,10,No,No
T10945,C1952,864.08,Credit Card,844,16,11,8,6,No,No
T10946,C1970,1239.97,Cash on Delivery,23,82,4,11,9,No,No
T10947,C1011,399.95,Net Banking,748,11,2,13,0,No,No
T10948,C1329,831.04,Credit Card,869,15,16,0,9,Yes,Yes
T10949,C1735,2242.09,Debit Card,251,78,17,5,7,No,No
T10950,C1783,2571.33,Credit Card,491,47,7,3,0,No,Yes
T10951,C1967,3833.2,Cash on Delivery,1321,18,18,9,2,Yes,No
T10952,C1357,7401.36,UPI,509,30,15,12,9,No,No
T10953,C1971,2464.86,Credit Card,806,19,4,14,8,Yes,No
T10954,C1407,882.95,Net Banking,1387,18,13,13,3,No,No
T10955,C1667,2589.74,Debit Card,177,29,20,3,1,No,No
T10956,C1372,1748.85,Debit Card,237,87,14,15,7,No,No
T10957,C1007,1819.59,UPI,460,44,11,7,3,No,No
T10958,C1121,1309.26,UPI,275,25,17,3,0,No,No
T10959,C1347,440.52,Credit Card,1389,15,7,7,7,No,No
T10960,C1675,392.25,Cash on Delivery,1373,61,4,5,5,No,No
T10961,C1089,995.14,Net Banking,34,94,12,2,6,No,No
T10962,C1647,1272.72,Debit Card,987,22,9,15,1,No,No
T10963,C1697,555.88,UPI,870,19,18,2,9,No,Yes
T10964,C1315,1674.62,Net Banking,667,78,13,7,10,No,No
T10965,C1177,8784.69,Cash on Delivery,364,58,4,3,9,No,No
T10966,C1539,191.65,Debit Card,1075,70,17,10,9,No,No
T10967,C1731,1963.03,Debit Card,262,52,16,11,6,No,No
T10968,C1868,1026.62,Cash on Delivery,1241,56,8,0,0,No,No
T10969,C1040,1720.99,Debit Card,1026,2,6,5,8,No,No
T10970,C1739,712.86,Cash on Delivery,501,80,0,6,1,No,No
T10971,C1703,947.61,Debit Card,50,44,3,11,8,No,No
T10972,C1922,1248.25,Credit Card,82,9,20,3,10,No,No
T10973,C1501,811.08,Cash on Delivery,1363,9,16,14,9,No,No
T10974,C1958,239.72,Net Banking,692,11,14,14,2,No,No
T10975,C1144,867.91,Credit Card,1161,97,17,9,8,Yes,No
T10976,C1200,266.02,Net Banking,888,45,16,2,4,No,No
T10977,C1928,2107.36,Debit Card,160,38,13,7,7,No,No
T10978,C1723,169.77,Net Banking,892,87,4,1,9,No,No
T10979,C1460,3067.61,Credit Card,588,86,15,14,10,No,Yes
T10980,C1731,1685.07,Cash on Delivery,262,52,16,11,6,No,No
T10981,C1751,1691.53,UPI,1430,46,8,13,7,No,No
T10982,C1924,125.93,Net Banking,79,6,9,10,4,Yes,No
T10983,C1908,789.5,UPI,1395,15,19,13,8,Yes,Yes
T10984,C1557,3475.74,Net Banking,1318,84,14,13,6,No,No
T10985,C1546,652.88,Net Banking,881,26,18,4,2,No,No
T10986,C1252,373.13,Cash on Delivery,207,14,9,1,10,Yes,No
T10987,C1389,580.18,Debit Card,793,56,20,2,5,No,No
T10988,C1593,1024.26,Credit Card,1252,87,15,9,6,No,No
T10989,C1882,468.08,Credit Card,1481,18,11,1,0,Yes,No
T10990,C1255,3766.18,Credit Card,129,52,11,11,0,No,No
T10991,C1708,1027.96,Debit Card,1036,4,14,2,0,No,No
T10992,C1814,629.19,UPI,1141,42,6,3,7,No,No
T10993,C1920,298.47,Credit Card,741,39,13,2,3,No,Yes
T10994,C1449,1780.14,UPI,962,25,1,10,10,No,No
T10995,C1009,1740.05,Debit Card,1126,49,5,10,7,No,No
T10996,C1823,496.6,Debit Card,590,89,14,5,10,No,Yes
T10997,C1797,117.18,Cash on Delivery,1358,27,16,10,1,No,No
T10998,C1241,1653.69,Credit Card,824,97,15,3,8,No,No
T10999,C1250,909.77,Cash on Delivery,950,15,14,11,2,No,No
T11000,C1876,1534.67,Credit Card,80,62,13,10,7,No,No
T11001,C1004,7763.39,Debit Card,1405,58,6,8,8,Yes,No
T11002,C1118,1067.6,Debit Card,1301,27,16,1,9,No,No
T11003,C1800,656.0,Net Banking,1432,23,20,5,1,Yes,No
T11004,C1373,348.17,Net Banking,893,2,8,6,2,Yes,No
T11005,C1064,802.38,Debit Card,723,61,14,13,5,No,No
T11006,C1145,1287.65,Debit Card,863,58,1,0,0,No,No
T11007,C1223,1156.68,UPI,125,94,1,15,0,Yes,No
T11008,C1238,6145.44,UPI,355,95,15,15,7,No,Yes
T11009,C1176,1806.39,Cash on Delivery,1107,64,10,6,9,No,No
T11010,C1778,958.34,Net Banking,44,77,1,2,5,No,No
T11011,C1852,541.01,Net Banking,160,25,18,13,9,No,No
T11012,C1281,1431.78,Debit Card,847,16,9,6,5,No,No
T11013,C1062,442.74,Debit Card,799,33,1,0,4,No,No
T11014,C1216,1312.69,Cash on Delivery,147,29,15,10,5,No,No
T11015,C1853,1785.43,Net Banking,706,100,7,7,10,No,No
T11016,C1826,883.2,UPI,684,14,18,2,4,No,No
T11017,C1794,583.89,Credit Card,837,13,8,5,9,Yes,Yes
T11018,C1688,123.31,Cash on Delivery,444,41,3,4,5,No,No
T11019,C1460,3442.1,Credit Card,588,86,15,14,10,No,No
T11020,C1928,1641.39,UPI,160,38,13,7,7,No,No
T11021,C1609,1681.8,UPI,477,76,10,3,6,No,No
T11022,C1104,230.13,Credit Card,278,7,10,2,5,No,No
T11023,C1098,4358.31,Cash on Delivery,404,43,8,0,9,No,Yes
T11024,C1510,688.68,Credit Card,88,13,1,0,7,No,No
T11025,C1384,821.56,Cash on Delivery,841,57,10,15,0,Yes,No
T11026,C1404,376.42,Cash on Delivery,1299,61,6,2,8,Yes,No
T11027,C1822,183.65,Debit Card,1350,39,2,2,9,No,No
T11028,C1517,3488.92,Net Banking,932,40,12,3,7,Yes,No
T11029,C1475,3970.3,Net Banking,593,66,3,11,4,No,No
T11030,C1976,929.34,UPI,798,60,10,2,10,No,No
T11031,C1708,555.92,Debit Card,1036,4,14,2,0,No,No
T11032,C1862,752.17,Net Banking,423,14,9,9,7,No,No
T11033,C1644,773.08,Cash on Delivery,773,40,12,15,0,No,No
T11034,C1869,330.35,Cash on Delivery,98,50,14,1,6,No,No
T11035,C1770,818.72,Credit Card,648,11,6,13,2,No,No
T11036,C1436,1278.06,Credit Card,713,5,12,8,0,No,No
T11037,C1022,3035.58,Cash on Delivery,108,48,18,1,10,No,No
T11038,C1996,1112.37,Cash on Delivery,1167,8,11,14,9,No,No
T11039,C1564,226.7,Credit Card,1245,24,15,5,1,No,No
T11040,C1676,1561.73,Net Banking,1445,57,7,11,4,No,No
T11041,C1713,849.01,UPI,388,55,6,13,4,No,No
T11042,C1457,4317.4,Credit Card,1169,79,0,7,1,No,No
T11043,C1082,4580.02,Net Banking,859,28,17,9,2,Yes,No
T11044,C1144,4743.14,Net Banking,1161,97,17,9,8,No,No
T11045,C1084,625.41,Net Banking,1038,28,18,4,9,No,No
T11046,C1077,8021.29,Debit Card,79,48,9,14,7,No,Yes
T11047,C1456,1557.66,Debit Card,1368,97,5,15,5,No,No
T11048,C1877,5576.86,Net Banking,563,72,12,11,3,No,Yes
T11049,C1000,663.4,Cash on Delivery,438,2,9,7,1,No,No
T11050,C1050,813.55,Debit Card,477,15,13,5,1,No,No
T11051,C1684,1442.35,Credit Card,1041,33,15,14,4,No,No
T11052,C1716,1276.5,Debit Card,250,49,13,14,10,No,No
T11053,C1771,3846.09,Cash on Delivery,760,12,4,14,10,No,No
T11054,C1445,869.46,UPI,396,73,20,12,1,No,Yes
T11055,C1448,3514.37,Debit Card,810,13,8,3,5,No,No
T11056,C1880,2280.69,Net Banking,176,97,18,3,8,No,No
T11057,C1487,885.9,Net Banking,1100,48,10,15,2,No,No
T11058,C1799,2110.49,Net Banking,623,35,1,11,8,Yes,No
T11059,C1033,683.16,UPI,102,23,15,10,5,No,No
T11060,C1347,11501.19,Cash on Delivery,1389,15,7,7,7,No,No
T11061,C1094,76.38,Credit Card,137,77,7,0,4,No,No
T11062,C1071,2149.4,Cash on Delivery,1433,87,14,1,2,No,No
T11063,C1550,187.8,UPI,592,92,20,4,10,No,No
T11064,C1153,875.1,Net Banking,265,14,14,1,9,No,No
T11065,C1249,1006.66,Cash on Delivery,1394,50,13,2,9,No,No
T11066,C1673,4952.43,Credit Card,706,82,6,1,4,Yes,No
T11067,C1437,548.86,Net Banking,156,27,8,8,4,No,No
T11068,C1117,4056.24,Credit Card,1260,57,18,6,1,No,No
T11069,C1770,337.37,Debit Card,648,11,6,13,2,No,No
T11070,C1890,4216.12,Credit Card,1342,65,0,12,7,No,No
T11071,C1305,682.43,Net Banking,1408,14,1,1,5,No,No
T11072,C1267,1180.19,Debit Card,643,12,13,5,7,No,No
T11073,C1960,783.38,Net Banking,622,50,18,0,9,Yes,No
T11074,C1053,3953.53,Net Banking,173,92,8,3,5,No,No
T11075,C1235,3254.32,Debit Card,1044,12,8,2,0,No,No
T11076,C1388,1708.72,Credit Card,1089,50,19,11,3,No,No
T11077,C1989,346.59,UPI,294,20,5,8,1,No,No
T11078,C1733,536.45,UPI,249,62,3,15,9,No,No
T11079,C1762,392.06,UPI,73,91,5,2,2,No,No
T11080,C1824,115.8,UPI,67,88,15,10,4,No,No
T11081,C1400,3871.19,Cash on Delivery,769,32,10,1,0,No,No
T11082,C1623,790.11,UPI,1196,9,3,14,3,No,Yes
T11083,C1766,781.73,Debit Card,1307,39,17,2,8,No,No
T11084,C1302,4895.65,UPI,1478,83,13,13,7,No,No
T11085,C1918,681.31,Net Banking,898,3,6,10,4,No,No
T11086,C1206,473.21,UPI,509,50,15,6,6,No,No
T11087,C1228,875.9,Credit Card,892,95,10,12,10,No,No
T11088,C1852,353.3,Debit Card,160,25,18,13,9,Yes,No
T11089,C1909,1547.44,Debit Card,257,76,14,11,8,No,No
T11090,C1577,754.71,Cash on Delivery,1267,68,9,11,0,Yes,No
T11091,C1074,660.32,Net Banking,1218,95,13,3,8,No,No
T11092,C1434,605.53,Debit Card,754,59,0,3,1,No,No
T11093,C1102,986.12,Credit Card,446,72,17,8,6,No,No
T11094,C1421,1192.11,UPI,1019,85,13,3,2,No,No
T11095,C1703,651.99,Debit Card,50,44,3,11,8,No,Yes
T11096,C1763,766.04,Credit Card,685,87,18,8,8,No,No
T11097,C1737,1010.78,UPI,325,87,18,0,8,Yes,No
T11098,C1805,913.77,Cash on Delivery,260,82,10,0,5,No,No
T11099,C1305,1131.25,Debit Card,1408,14,1,1,5,No,No
T11100,C1097,557.43,Debit Card,1140,58,11,7,5,No,No
T11101,C1849,2994.68,Credit Card,184,67,17,4,0,No,No
T11102,C1797,1208.13,Net Banking,1358,27,16,10,1,No,No
T11103,C1334,662.59,Cash on Delivery,234,57,2,8,8,No,No
T11104,C1858,1547.48,Net Banking,254,79,7,14,9,No,No
T11105,C1434,1018.04,Debit Card,754,59,0,3,1,No,No
T11106,C1446,193.67,Net Banking,1158,83,9,10,6,No,Yes
T11107,C1993,1542.18,UPI,249,36,3,1,8,No,No
T11108,C1307,395.64,Cash on Delivery,621,12,6,11,2,No,No
T11109,C1248,2791.76,Net Banking,580,0,8,0,10,Yes,No
T11110,C1165,861.13,UPI,128,78,8,3,8,No,No
T11111,C1480,2392.44,Credit Card,328,1,5,15,9,Yes,No
T11112,C1983,583.93,Net Banking,1030,82,7,8,0,Yes,Yes
T11113,C1334,1176.06,Cash on Delivery,234,57,2,8,8,No,No
T11114,C1541,3678.44,UPI,384,49,10,8,9,Yes,No
T11115,C1758,837.97,Net Banking,353,67,8,14,5,No,No
T11116,C1105,607.4,Credit Card,112,52,19,1,6,No,Yes
T11117,C1562,2111.26,Net Banking,1326,32,4,13,4,No,No
T11118,C1080,2070.74,UPI,675,87,2,3,6,No,No
T11119,C1132,633.49,Net Banking,276,22,5,2,3,No,No
T11120,C1796,150.59,Cash on Delivery,239,42,16,0,9,No,No
T11121,C1899,595.84,Debit Card,402,55,20,11,2,No,Yes
T11122,C1137,2158.91,UPI,567,78,19,10,1,No,No
T11123,C1183,505.21,UPI,816,81,10,4,1,No,No
T11124,C1400,1084.7,UPI,769,32,10,1,0,No,No
T11125,C1329,568.22,UPI,869,15,16,0,9,No,No
T11126,C1784,158.83,Net Banking,160,73,15,10,0,No,No
T11127,C1507,558.09,Cash on Delivery,1020,27,9,1,1,No,No
T11128,C1851,2149.8,Credit Card,324,5,6,13,7,No,No
T11129,C1983,102.49,Cash on Delivery,1030,82,7,8,0,No,No
T11130,C1068,1411.16,UPI,1275,97,8,14,7,Yes,Yes
T11131,C1545,334.93,Net Banking,1405,50,1,14,0,No,No
T11132,C1773,2015.14,Net Banking,1365,7,15,14,3,No,No
T11133,C1052,2240.2,UPI,220,89,10,14,5,No,No
T11134,C1449,923.39,Net Banking,962,25,1,10,10,No,No
T11135,C1204,925.5,UPI,434,60,18,1,9,No,No
T11136,C1125,489.62,Cash on Delivery,404,33,14,6,5,No,No
T11137,C1746,285.55,Debit Card,266,83,12,6,4,No,Yes
T11138,C1042,5991.48,Net Banking,855,20,18,0,7,No,No
T11139,C1751,461.71,UPI,1430,46,8,13,7,No,No
T11140,C1970,5259.53,UPI,23,82,4,11,9,No,No
T11141,C1882,464.29,Net Banking,1481,18,11,1,0,No,No
T11142,C1110,1854.17,Credit Card,969,2,12,9,1,No,No
T11143,C1760,351.49,UPI,1438,96,15,4,6,No,Yes
T11144,C1662,1850.84,Net Banking,1466,27,13,10,0,No,No
T11145,C1182,791.88,UPI,789,90,18,8,9,No,No
T11146,C1847,802.3,Credit Card,1219,98,11,0,6,No,No
T11147,C1094,2018.32,Debit Card,137,77,7,0,4,No,Yes
T11148,C1970,685.99,Credit Card,23,82,4,11,9,No,No
T11149,C1373,262.92,Cash on Delivery,893,2,8,6,2,No,No
T11150,C1911,2347.97,Net Banking,1204,93,20,3,5,No,No
T11151,C1519,348.66,Credit Card,797,39,15,9,8,Yes,No
T11152,C1899,1838.15,Debit Card,402,55,20,11,2,No,No
T11153,C1359,2901.54,UPI,57,86,17,3,7,No,No
T11154,C1899,753.33,Net Banking,402,55,20,11,2,No,No
T11155,C1695,3577.26,Credit Card,599,3,7,5,4,Yes,No
T11156,C1280,1775.4,Debit Card,578,50,3,6,2,Yes,No
T11157,C1194,546.83,Credit Card,1439,45,9,13,3,Yes,Yes
T11158,C1863,4453.43,Cash on Delivery,556,89,11,1,3,No,No
T11159,C1194,350.14,Net Banking,1439,45,9,13,3,Yes,No
T11160,C1666,752.42,UPI,274,45,17,0,5,No,No
T11161,C1092,892.2,Debit Card,589,53,7,9,5,No,No
T11162,C1671,2008.66,Credit Card,913,2,1,14,6,No,No
T11163,C1945,3345.71,Net Banking,503,77,19,11,4,No,No
T11164,C1060,3142.56,Credit Card,1137,14,8,0,5,Yes,No
T11165,C1633,1371.62,Net Banking,974,96,5,8,1,No,No
T11166,C1050,828.59,Cash on Delivery,477,15,13,5,1,No,No
T11167,C1402,176.62,Credit Card,1007,98,19,0,7,No,No
T11168,C1788,294.67,Cash on Delivery,1127,86,11,15,10,Yes,No
T11169,C1004,6416.68,Debit Card,1405,58,6,8,8,Yes,No
T11170,C1465,174.85,Cash on Delivery,1326,46,0,12,7,No,No
T11171,C1603,500.45,Net Banking,301,82,0,8,7,Yes,Yes
T11172,C1681,3444.75,Debit Card,64,68,16,8,0,No,No
T11173,C1828,1352.5,Credit Card,63,3,20,1,4,Yes,Yes
T11174,C1533,2774.0,Credit Card,792,29,14,4,10,No,No
T11175,C1404,1887.16,Net Banking,1299,61,6,2,8,Yes,No
T11176,C1837,4767.52,UPI,1087,97,8,6,9,No,No
T11177,C1512,1473.55,UPI,922,15,19,14,1,No,No
T11178,C1644,2129.09,Credit Card,773,40,12,15,0,No,No
T11179,C1232,531.53,Net Banking,1431,51,13,6,3,No,No
T11180,C1523,1971.07,UPI,633,15,18,14,7,No,No
T11181,C1345,737.95,Cash on Delivery,1269,35,15,14,9,No,No
T11182,C1045,697.08,Credit Card,942,46,11,0,1,No,No
T11183,C1545,2683.09,Cash on Delivery,1405,50,1,14,0,Yes,No
T11184,C1944,2701.66,Net Banking,1296,99,15,3,4,No,No
T11185,C1077,5933.93,Cash on Delivery,79,48,9,14,7,Yes,No
T11186,C1729,5559.5,UPI,97,95,13,12,0,No,No
T11187,C1812,2744.39,UPI,792,65,15,1,10,Yes,No
T11188,C1922,196.28,Debit Card,82,9,20,3,10,No,Yes
T11189,C1072,6820.45,Credit Card,1295,27,6,1,0,Yes,No
T11190,C1793,2746.18,Net Banking,755,18,19,10,7,No,No
T11191,C1248,509.86,Credit Card,580,0,8,0,10,No,No
T11192,C1046,2273.12,Cash on Delivery,1021,87,6,2,2,No,No
T11193,C1120,388.67,Net Banking,633,8,12,6,5,No,No
T11194,C1213,2035.77,Net Banking,1332,74,7,12,6,No,No
T11195,C1238,294.04,UPI,355,95,15,15,7,No,No
T11196,C1055,488.72,Cash on Delivery,1414,10,3,0,8,No,No
T11197,C1349,2230.38,UPI,1311,20,18,12,10,Yes,No
T11198,C1106,3206.34,UPI,1497,13,18,6,7,Yes,No
T11199,C1830,1518.44,Debit Card,403,80,7,13,5,No,No
T11200,C1047,823.72,UPI,177,67,0,2,0,No,No
T11201,C1572,132.31,Credit Card,624,14,2,1,3,No,Yes
T11202,C1336,889.78,Net Banking,248,3,10,13,10,No,No
T11203,C1025,1869.61,UPI,251,85,11,11,7,No,No
T11204,C1803,798.9,Credit Card,226,16,12,4,5,No,No
T11205,C1256,1072.15,Cash on Delivery,1471,97,18,5,8,No,No
T11206,C1007,910.85,Net Banking,460,44,11,7,3,Yes,No
T11207,C1624,794.96,Cash on Delivery,1384,7,6,10,8,No,No
T11208,C1866,1183.08,Credit Card,91,30,3,5,3,No,No
T11209,C1252,834.89,Cash on Delivery,207,14,9,1,10,No,No
T11210,C1691,4643.81,Cash on Delivery,1499,53,14,8,4,No,No
T11211,C1718,120.73,Cash on Delivery,1361,82,12,6,9,No,No
T11212,C1302,635.34,UPI,1478,83,13,13,7,Yes,No
T11213,C1638,459.32,UPI,308,75,16,15,5,Yes,No
T11214,C1055,1365.27,UPI,1414,10,3,0,8,No,No
T11215,C1725,1184.58,Net Banking,1306,54,8,0,5,No,No
T11216,C1525,5553.55,Credit Card,724,76,0,15,3,No,No
T11217,C1473,7716.7,UPI,637,92,17,7,7,No,No
T11218,C1027,506.19,Cash on Delivery,1114,70,5,12,8,Yes,No
T11219,C1982,1097.18,Cash on Delivery,1142,56,16,12,4,No,No
T11220,C1077,1334.49,Cash on Delivery,79,48,9,14,7,Yes,No
T11221,C1215,493.83,Cash on Delivery,250,78,19,14,1,No,No
T11222,C1385,2055.72,Debit Card,448,39,2,7,9,No,No
T11223,C1364,863.07,Net Banking,1187,48,7,2,2,No,No
T11224,C1665,377.05,Credit Card,361,22,2,6,10,No,No
T11225,C1525,829.18,Credit Card,724,76,0,15,3,No,No
T11226,C1698,404.37,UPI,1185,22,8,15,9,No,No
T11227,C1311,3092.23,Debit Card,577,98,4,8,2,No,No
T11228,C1882,7343.41,Credit Card,1481,18,11,1,0,No,No
T11229,C1006,1400.83,Net Banking,1209,55,14,2,8,No,No
T11230,C1002,1225.71,Cash on Delivery,426,34,12,7,2,No,No
T11231,C1622,1277.21,UPI,8,88,13,14,4,No,No
T11232,C1918,3576.84,Net Banking,898,3,6,10,4,No,No
T11233,C1749,3500.63,Credit Card,218,23,10,8,1,No,No
T11234,C1362,976.86,Debit Card,952,80,2,8,8,No,No
T11235,C1750,1411.76,UPI,1465,87,4,14,6,No,No
T11236,C1507,2106.21,Credit Card,1020,27,9,1,1,No,No
T11237,C1273,351.54,UPI,1225,26,10,15,6,No,No
T11238,C1505,3687.15,Credit Card,814,30,15,12,0,No,No
T11239,C1805,6215.69,Cash on Delivery,260,82,10,0,5,No,No
T11240,C1738,3515.83,Debit Card,986,49,4,11,2,No,No
T11241,C1882,315.58,Cash on Delivery,1481,18,11,1,0,Yes,No
T11242,C1014,152.93,Credit Card,1058,32,3,4,2,Yes,No
T11243,C1191,2227.69,Net Banking,271,99,6,15,2,No,No
T11244,C1984,512.76,Cash on Delivery,843,66,1,11,10,No,No
T11245,C1630,1461.38,Net Banking,464,49,9,8,2,No,No
T11246,C1484,5090.59,Credit Card,82,90,12,6,7,No,No
T11247,C1027,568.52,Debit Card,1114,70,5,12,8,No,No
T11248,C1713,751.78,Net Banking,388,55,6,13,4,No,Yes
T11249,C1038,1446.24,Credit Card,404,53,18,10,1,No,Yes
T11250,C1952,299.61,Net Banking,844,16,11,8,6,No,No
T11251,C1272,513.96,Cash on Delivery,1293,64,18,13,5,No,No
T11252,C1230,1124.23,Credit Card,902,41,7,2,4,No,No
T11253,C1085,812.04,Cash on Delivery,99,57,17,8,0,No,No
T11254,C1473,2015.07,UPI,637,92,17,7,7,Yes,No
T11255,C1125,17430.55,Credit Card,404,33,14,6,5,Yes,Yes
T11256,C1811,1210.92,Net Banking,1127,37,16,9,4,No,No
T11257,C1536,472.62,UPI,982,77,11,1,5,No,No
T11258,C1144,4528.93,Cash on Delivery,1161,97,17,9,8,No,No
T11259,C1524,223.9,Cash on Delivery,346,81,1,3,0,No,No
T11260,C1211,273.44,Net Banking,1219,44,2,13,0,No,Yes
T11261,C1024,604.8,UPI,1265,99,7,14,5,No,No
T11262,C1579,826.43,Debit Card,1161,91,15,14,6,Yes,No
T11263,C1393,590.47,Net Banking,465,74,8,8,4,No,No
T11264,C1066,1062.61,Cash on Delivery,215,79,12,7,5,No,No
T11265,C1232,1443.38,Credit Card,1431,51,13,6,3,No,No
T11266,C1108,3193.78,UPI,688,6,19,2,2,Yes,No
T11267,C1145,1201.33,Debit Card,863,58,1,0,0,No,No
T11268,C1110,625.19,Credit Card,969,2,12,9,1,No,No
T11269,C1227,3024.94,UPI,605,70,20,6,1,No,No
T11270,C1110,484.1,Net Banking,969,2,12,9,1,No,No
T11271,C1469,214.3,Net Banking,1285,49,12,14,4,No,Yes
T11272,C1033,3662.7,UPI,102,23,15,10,5,No,No
T11273,C1622,3435.28,Debit Card,8,88,13,14,4,No,No
T11274,C1775,496.56,UPI,143,8,13,8,3,No,No
T11275,C1935,735.76,Credit Card,854,89,20,14,10,No,No
T11276,C1368,438.37,Credit Card,718,26,7,3,8,No,No
T11277,C1747,1520.24,Net Banking,236,29,9,7,7,No,No
T11278,C1594,6198.42,UPI,1315,84,12,13,6,No,No
T11279,C1553,2214.72,Net Banking,522,40,12,14,1,No,No
T11280,C1424,3089.38,Debit Card,979,0,1,7,7,Yes,No
T11281,C1612,2489.23,Credit Card,1336,91,6,9,10,No,No
T11282,C1517,1096.5,Cash on Delivery,932,40,12,3,7,Yes,No
T11283,C1691,3240.04,Cash on Delivery,1499,53,14,8,4,Yes,No
T11284,C1281,2310.06,UPI,847,16,9,6,5,Yes,No
T11285,C1319,4625.99,UPI,250,77,5,5,8,Yes,No
T11286,C1737,692.6,Cash on Delivery,325,87,18,0,8,No,No
T11287,C1442,192.85,UPI,1208,16,11,8,5,No,No
T11288,C1951,3118.95,Credit Card,635,94,12,6,5,No,No
T11289,C1314,1555.84,Debit Card,510,53,10,7,10,No,No
T11290,C1876,815.62,Debit Card,80,62,13,10,7,No,No
T11291,C1965,862.51,Net Banking,1345,27,11,3,4,No,No
T11292,C1740,14110.67,Credit Card,687,51,8,6,1,No,No
T11293,C1376,576.98,UPI,1334,98,5,9,2,No,No
T11294,C1288,467.17,UPI,1176,49,13,13,9,No,No
T11295,C1436,1194.26,Net Banking,713,5,12,8,0,No,No
T11296,C1661,3570.61,Net Banking,733,37,19,7,6,No,No
T11297,C1276,10704.31,UPI,680,16,3,3,7,No,No
T11298,C1709,2116.17,UPI,1359,14,16,6,2,No,No
T11299,C1581,307.84,Credit Card,441,85,15,6,0,No,No
T11300,C1502,7870.4,Net Banking,811,95,15,15,0,Yes,No
T11301,C1623,1075.49,Credit Card,1196,9,3,14,3,Yes,No
T11302,C1515,474.51,UPI,586,65,14,14,4,No,No
T11303,C1349,372.64,Cash on Delivery,1311,20,18,12,10,No,No
T11304,C1842,2530.9,Cash on Delivery,772,93,15,5,10,No,No
T11305,C1445,1392.46,UPI,396,73,20,12,1,No,No
T11306,C1829,1548.55,Net Banking,814,21,8,10,1,No,No
T11307,C1349,3969.93,Cash on Delivery,1311,20,18,12,10,No,No
T11308,C1606,491.69,Net Banking,1130,7,13,4,8,No,No
T11309,C1663,4299.07,Cash on Delivery,514,25,9,8,1,Yes,No
T11310,C1822,652.52,Net Banking,1350,39,2,2,9,Yes,No
T11311,C1136,9547.24,Cash on Delivery,1088,25,15,3,10,No,No
T11312,C1758,1995.68,Net Banking,353,67,8,14,5,No,No
T11313,C1898,436.92,Credit Card,81,68,5,10,0,Yes,No
T11314,C1242,144.69,Net Banking,1026,0,8,0,3,No,No
T11315,C1542,2462.48,Credit Card,375,70,13,9,7,No,Yes
T11316,C1039,754.32,Credit Card,814,8,10,2,10,No,No
T11317,C1228,938.64,UPI,892,95,10,12,10,No,No
T11318,C1547,2359.48,Credit Card,1335,59,15,13,0,No,No
T11319,C1919,3012.16,Debit Card,1080,42,7,12,1,No,No
T11320,C1222,3728.31,Credit Card,1200,60,16,6,4,No,No
T11321,C1005,338.71,Net Banking,486,15,3,0,8,No,No
T11322,C1321,4563.73,Credit Card,1024,52,1,1,3,No,No
T11323,C1467,614.59,Net Banking,1041,92,17,13,5,No,No
T11324,C1731,114.86,Net Banking,262,52,16,11,6,No,No
T11325,C1074,337.5,Debit Card,1218,95,13,3,8,No,No
T11326,C1003,1363.79,Credit Card,968,40,6,0,2,No,No
T11327,C1846,412.07,Credit Card,1152,99,2,6,7,No,No
T11328,C1645,1004.21,Cash on Delivery,96,41,10,12,8,No,No
T11329,C1117,1538.02,Cash on Delivery,1260,57,18,6,1,No,No
T11330,C1880,914.72,UPI,176,97,18,3,8,No,No
T11331,C1605,668.91,Net Banking,488,46,9,0,4,No,No
T11332,C1503,313.97,Debit Card,1290,52,5,4,0,No,No
T11333,C1997,1120.96,Cash on Delivery,1261,82,8,8,2,Yes,No
T11334,C1946,139.08,Credit Card,795,96,0,7,7,No,No
T11335,C1573,552.25,UPI,1109,50,11,8,7,Yes,No
T11336,C1440,433.64,Debit Card,1249,4,9,2,9,No,No
T11337,C1193,863.18,Credit Card,171,84,14,3,7,No,No
T11338,C1846,885.96,Credit Card,1152,99,2,6,7,Yes,No
T11339,C1714,2863.95,Net Banking,1316,49,2,4,4,No,No
T11340,C1391,5342.65,Net Banking,1268,36,10,11,6,No,No
T11341,C1025,358.6,Cash on Delivery,251,85,11,11,7,No,No
T11342,C1434,8045.21,Cash on Delivery,754,59,0,3,1,No,No
T11343,C1172,503.06,Credit Card,579,58,18,13,2,No,No
T11344,C1299,1303.13,Credit Card,581,9,4,15,10,No,No
T11345,C1644,1827.79,Cash on Delivery,773,40,12,15,0,No,No
T11346,C1325,12639.51,Cash on Delivery,975,71,14,5,3,Yes,No
T11347,C1409,637.6,Credit Card,1038,68,10,13,5,No,No
T11348,C1117,181.86,Debit Card,1260,57,18,6,1,Yes,No
T11349,C1835,4867.71,Credit Card,741,16,13,0,5,No,No
T11350,C1786,476.58,Debit Card,1231,67,18,0,4,No,No
T11351,C1723,763.88,Debit Card,892,87,4,1,9,No,No
T11352,C1224,358.62,Credit Card,763,36,5,5,7,No,No
T11353,C1531,766.09,UPI,1328,0,8,0,9,No,No
T11354,C1112,473.24,Cash on Delivery,1056,16,13,2,0,No,Yes
T11355,C1139,2156.93,Net Banking,885,0,18,2,8,No,No
T11356,C1558,1188.91,Credit Card,598,88,8,13,2,No,No
T11357,C1000,554.99,Debit Card,438,2,9,7,1,No,No
T11358,C1089,2968.68,Credit Card,34,94,12,2,6,Yes,No
T11359,C1653,1415.16,Cash on Delivery,333,25,1,0,1,No,No
T11360,C1319,173.11,Debit Card,250,77,5,5,8,No,No
T11361,C1549,2750.95,Net Banking,632,52,7,3,0,No,No
T11362,C1804,1319.31,Net Banking,652,21,19,4,6,No,No
T11363,C1893,4406.04,Net Banking,1113,42,1,8,10,Yes,No
T11364,C1138,1241.3,UPI,586,56,15,15,2,No,No
T11365,C1510,496.85,Debit Card,88,13,1,0,7,Yes,No
T11366,C1867,894.0,Debit Card,1325,82,3,2,4,Yes,No
T11367,C1844,2450.19,UPI,1228,37,9,5,2,No,No
T11368,C1258,507.38,Debit Card,35,88,11,4,4,Yes,No
T11369,C1672,706.06,UPI,279,68,6,2,9,No,No
T11370,C1901,878.58,Credit Card,1135,35,13,7,0,No,No
T11371,C1689,347.45,Cash on Delivery,496,28,11,0,6,No,No
T11372,C1009,514.75,Net Banking,1126,49,5,10,7,No,No
T11373,C1260,1303.16,UPI,199,30,7,9,6,No,No
T11374,C1918,3649.98,UPI,898,3,6,10,4,No,No
T11375,C1649,1505.9,UPI,540,10,13,14,5,No,No
T11376,C1171,1047.48,Credit Card,891,15,14,15,0,No,No
T11377,C1897,477.58,UPI,1413,47,3,15,7,No,No
T11378,C1012,3278.56,Cash on Delivery,51,91,7,0,8,No,No
T11379,C1167,1691.73,Cash on Delivery,1050,85,16,6,5,No,No
T11380,C1641,540.92,Net Banking,121,20,2,15,6,No,No
T11381,C1595,2693.64,Credit Card,1446,47,14,12,7,No,No
T11382,C1320,1919.03,Cash on Delivery,889,92,2,14,4,No,No
T11383,C1318,486.13,Debit Card,512,30,9,11,3,No,No
T11384,C1612,990.91,Debit Card,1336,91,6,9,10,No,No
T11385,C1328,669.97,Debit Card,172,65,20,9,3,No,No
T11386,C1784,15268.36,UPI,160,73,15,10,0,No,No
T11387,C1776,1866.36,UPI,1434,91,10,0,1,Yes,No
T11388,C1970,1321.82,Debit Card,23,82,4,11,9,No,No
T11389,C1910,1759.29,Net Banking,954,88,0,5,10,No,No
T11390,C1919,4355.36,Net Banking,1080,42,7,12,1,No,No
T11391,C1549,1008.9,UPI,632,52,7,3,0,No,No
T11392,C1418,607.95,Debit Card,1030,75,4,7,10,No,No
T11393,C1605,2551.11,Net Banking,488,46,9,0,4,No,No
T11394,C1094,920.63,UPI,137,77,7,0,4,Yes,No
T11395,C1816,376.19,Debit Card,1106,34,4,10,8,No,Yes
T11396,C1580,309.61,Credit Card,247,34,0,3,0,No,No
T11397,C1317,5060.88,Debit Card,894,8,2,4,4,No,No
T11398,C1955,1250.93,Debit Card,1154,22,20,15,0,No,No
T11399,C1235,608.16,Cash on Delivery,1044,12,8,2,0,No,Yes
T11400,C1945,867.54,Cash on Delivery,503,77,19,11,4,No,Yes
T11401,C1333,2458.84,Credit Card,1243,30,19,11,2,No,No
T11402,C1884,817.78,Credit Card,1124,55,1,13,1,No,No
T11403,C1375,257.39,Debit Card,1245,75,10,6,8,No,No
T11404,C1458,1519.05,Net Banking,1437,32,13,9,5,No,No
T11405,C1136,3671.47,Credit Card,1088,25,15,3,10,Yes,No
T11406,C1929,3433.94,Debit Card,1340,35,1,0,8,No,No
T11407,C1587,626.83,UPI,809,85,9,14,3,No,No
T11408,C1994,3901.72,Cash on Delivery,703,65,0,7,9,No,No
T11409,C1546,1356.89,Net Banking,881,26,18,4,2,No,No
T11410,C1512,3793.89,Debit Card,922,15,19,14,1,No,No
T11411,C1295,1946.3,UPI,1096,26,11,12,6,No,No
T11412,C1319,239.46,Cash on Delivery,250,77,5,5,8,No,No
T11413,C1917,6290.14,UPI,451,51,4,5,1,No,Yes
T11414,C1571,1154.92,Debit Card,1237,67,0,5,1,No,Yes
T11415,C1831,1952.36,Credit Card,192,21,18,9,4,No,No
T11416,C1348,285.99,Cash on Delivery,1391,91,1,13,6,No,Yes
T11417,C1839,1817.7,UPI,245,93,2,9,2,No,No
T11418,C1778,3304.13,Credit Card,44,77,1,2,5,No,No
T11419,C1872,7595.57,Net Banking,538,72,11,6,0,No,No
T11420,C1228,4448.85,Debit Card,892,95,10,12,10,No,No
T11421,C1269,1908.79,Debit Card,1304,49,17,3,10,No,Yes
T11422,C1827,234.07,Cash on Delivery,1279,36,17,0,4,No,No
T11423,C1797,1251.72,UPI,1358,27,16,10,1,No,No
T11424,C1290,606.37,Net Banking,663,47,16,1,10,No,No
T11425,C1724,1387.11,Cash on Delivery,1493,74,13,14,6,No,No
T11426,C1164,324.95,Cash on Delivery,1194,1,18,6,7,Yes,Yes
T11427,C1004,888.77,UPI,1405,58,6,8,8,No,No
T11428,C1850,653.81,Net Banking,247,81,16,14,4,Yes,No
T11429,C1378,633.86,UPI,1244,16,17,10,8,Yes,Yes
T11430,C1077,640.19,Debit Card,79,48,9,14,7,No,No
T11431,C1409,957.33,Credit Card,1038,68,10,13,5,No,No
T11432,C1573,1460.0,Debit Card,1109,50,11,8,7,No,No
T11433,C1131,90.15,Debit Card,622,49,19,13,7,Yes,No
T11434,C1600,101.86,Cash on Delivery,1330,86,6,15,4,No,No
T11435,C1748,781.57,Debit Card,898,64,16,3,5,No,No
T11436,C1041,899.85,Net Banking,1143,53,12,8,8,Yes,No
T11437,C1088,1324.93,Debit Card,257,26,14,10,3,Yes,No
T11438,C1401,529.71,Net Banking,1242,39,20,6,8,No,No
T11439,C1295,1107.06,UPI,1096,26,11,12,6,Yes,No
T11440,C1839,1244.54,Cash on Delivery,245,93,2,9,2,Yes,No
T11441,C1294,526.07,Net Banking,1242,100,14,6,5,No,No
T11442,C1615,3021.34,Debit Card,809,14,18,3,9,No,No
T11443,C1525,1308.96,Cash on Delivery,724,76,0,15,3,No,No
T11444,C1799,1894.98,Cash on Delivery,623,35,1,11,8,Yes,No
T11445,C1690,1174.79,Net Banking,426,24,7,6,5,No,No
T11446,C1636,8988.25,Net Banking,859,94,0,3,1,No,No
T11447,C1421,1991.01,Credit Card,1019,85,13,3,2,No,No
T11448,C1864,673.18,Credit Card,36,55,0,15,8,Yes,No
T11449,C1022,2492.31,Cash on Delivery,108,48,18,1,10,No,No
T11450,C1574,213.24,Credit Card,1089,5,19,7,1,Yes,No
T11451,C1142,1235.96,Debit Card,934,46,9,1,2,No,No
T11452,C1992,1508.94,UPI,392,26,10,5,3,No,No
T11453,C1664,1250.15,Cash on Delivery,895,60,1,11,10,Yes,No
T11454,C1144,785.42,UPI,1161,97,17,9,8,No,Yes
T11455,C1224,398.51,Credit Card,763,36,5,5,7,No,No
T11456,C1502,498.03,Net Banking,811,95,15,15,0,No,No
T11457,C1961,1214.48,Cash on Delivery,482,12,5,0,5,No,No
T11458,C1973,360.14,Credit Card,835,74,2,5,10,No,No
T11459,C1820,6439.25,Debit Card,979,22,15,8,3,No,No
T11460,C1615,78.19,Cash on Delivery,809,14,18,3,9,No,No
T11461,C1103,793.59,Cash on Delivery,954,100,7,10,10,No,Yes
T11462,C1946,1224.62,Net Banking,795,96,0,7,7,No,No
T11463,C1038,1821.51,Cash on Delivery,404,53,18,10,1,No,No
T11464,C1946,438.81,Net Banking,795,96,0,7,7,No,No
T11465,C1197,3409.41,Credit Card,925,36,6,15,4,No,Yes
T11466,C1645,272.1,Debit Card,96,41,10,12,8,No,No
T11467,C1578,622.58,Debit Card,898,81,9,1,1,No,No
T11468,C1390,2040.09,Cash on Delivery,784,70,4,6,5,No,No
T11469,C1178,3103.2,Cash on Delivery,1391,63,6,1,2,No,No
T11470,C1967,269.35,Credit Card,1321,18,18,9,2,No,No
T11471,C1553,15444.94,Net Banking,522,40,12,14,1,No,No
T11472,C1447,446.98,Debit Card,1333,77,14,15,8,No,No
T11473,C1499,295.25,Net Banking,614,33,15,8,2,No,No
T11474,C1014,1812.96,Credit Card,1058,32,3,4,2,No,No
T11475,C1622,774.1,Debit Card,8,88,13,14,4,No,No
T11476,C1668,667.77,Debit Card,1288,66,1,9,3,No,No
T11477,C1288,1989.51,UPI,1176,49,13,13,9,No,No
T11478,C1477,238.1,Credit Card,859,24,18,7,5,No,No
T11479,C1230,199.91,Credit Card,902,41,7,2,4,No,No
T11480,C1922,603.4,UPI,82,9,20,3,10,No,No
T11481,C1419,3222.46,Net Banking,242,58,14,15,7,Yes,No
T11482,C1156,630.14,UPI,901,91,7,15,7,Yes,No
T11483,C1549,5427.08,Credit Card,632,52,7,3,0,Yes,No
T11484,C1440,3644.65,Net Banking,1249,4,9,2,9,No,No
T11485,C1096,1455.27,Debit Card,754,73,0,5,8,No,No
T11486,C1996,1540.29,UPI,1167,8,11,14,9,No,No
T11487,C1410,1453.9,Net Banking,1364,62,12,10,1,No,No
T11488,C1950,1286.55,Net Banking,700,14,6,11,8,No,Yes
T11489,C1288,760.33,Net Banking,1176,49,13,13,9,No,No
T11490,C1253,853.9,UPI,1073,32,13,5,8,No,No
T11491,C1195,376.17,Debit Card,28,95,15,1,8,No,No
T11492,C1597,120.3,Net Banking,1275,95,19,0,0,No,No
T11493,C1833,3307.91,UPI,71,77,16,6,9,No,No
T11494,C1521,1283.39,Credit Card,1013,88,12,0,2,No,No
T11495,C1516,1103.47,UPI,818,37,11,4,8,No,No
T11496,C1634,1633.45,UPI,1182,77,4,3,5,No,No
T11497,C1841,478.95,UPI,393,79,12,15,10,No,No
T11498,C1864,403.0,Net Banking,36,55,0,15,8,No,No
T11499,C1117,825.77,UPI,1260,57,18,6,1,No,No
T11500,C1805,4307.44,Credit Card,260,82,10,0,5,No,No
T11501,C1908,340.79,Net Banking,1395,15,19,13,8,No,No
T11502,C1158,79.28,Credit Card,447,10,2,0,1,No,No
T11503,C1814,651.06,Cash on Delivery,1141,42,6,3,7,No,No
T11504,C1227,3438.19,UPI,605,70,20,6,1,No,No
T11505,C1876,193.92,Net Banking,80,62,13,10,7,No,Yes
T11506,C1215,336.88,Net Banking,250,78,19,14,1,No,No
T11507,C1947,1427.31,UPI,587,44,16,0,0,No,Yes
T11508,C1695,14327.08,Debit Card,599,3,7,5,4,No,No
T11509,C1014,281.97,Debit Card,1058,32,3,4,2,No,No
T11510,C1156,271.26,Credit Card,901,91,7,15,7,No,No
T11511,C1647,1538.71,UPI,987,22,9,15,1,Yes,Yes
T11512,C1260,3658.01,UPI,199,30,7,9,6,Yes,No
T11513,C1156,587.51,Cash on Delivery,901,91,7,15,7,No,No
T11514,C1046,216.72,Debit Card,1021,87,6,2,2,No,No
T11515,C1323,1692.14,Debit Card,753,37,17,14,7,Yes,No
T11516,C1843,2028.07,UPI,1201,79,20,10,3,No,Yes
T11517,C1684,6494.14,Credit Card,1041,33,15,14,4,No,No
T11518,C1129,2115.29,UPI,1354,12,5,4,4,No,No
T11519,C1410,2510.07,Credit Card,1364,62,12,10,1,No,No
T11520,C1094,843.75,Debit Card,137,77,7,0,4,No,Yes
T11521,C1626,12600.66,Cash on Delivery,1293,63,17,15,1,No,No
T11522,C1754,736.46,Net Banking,917,89,10,2,1,No,No
T11523,C1931,594.71,Debit Card,888,48,2,5,3,Yes,No
T11524,C1291,6697.67,Credit Card,21,32,20,7,7,No,No
T11525,C1793,251.08,UPI,755,18,19,10,7,No,Yes
T11526,C1810,172.88,Debit Card,1177,60,14,7,10,No,No
T11527,C1282,1235.9,Cash on Delivery,1353,33,4,0,8,No,No
T11528,C1068,1094.73,Credit Card,1275,97,8,14,7,No,No
T11529,C1659,873.15,UPI,1200,60,4,0,4,No,No
T11530,C1010,2962.92,Net Banking,1039,84,8,0,4,No,No
T11531,C1253,442.21,Credit Card,1073,32,13,5,8,No,No
T11532,C1841,1169.31,UPI,393,79,12,15,10,No,No
T11533,C1871,765.01,Net Banking,531,57,6,12,8,No,No
T11534,C1549,449.79,UPI,632,52,7,3,0,No,No
T11535,C1133,1030.87,Net Banking,651,87,7,3,0,Yes,No
T11536,C1711,2572.4,Net Banking,1039,88,4,10,3,No,Yes
T11537,C1022,9141.39,Net Banking,108,48,18,1,10,No,No
T11538,C1814,1957.49,UPI,1141,42,6,3,7,No,No
T11539,C1345,89.05,Net Banking,1269,35,15,14,9,No,No
T11540,C1301,1055.6,Credit Card,580,24,19,9,1,No,No
T11541,C1362,1152.63,Cash on Delivery,952,80,2,8,8,No,No
T11542,C1395,2796.74,Cash on Delivery,293,84,12,1,3,No,No
T11543,C1217,1319.24,Net Banking,1370,23,6,15,2,No,No
T11544,C1140,3839.47,Cash on Delivery,129,27,0,6,8,No,No
T11545,C1615,1622.41,Cash on Delivery,809,14,18,3,9,No,No
T11546,C1957,5212.41,Net Banking,358,77,5,6,5,No,No
T11547,C1209,707.16,Net Banking,1026,80,19,5,8,No,No
T11548,C1984,1266.92,Credit Card,843,66,1,11,10,No,No
T11549,C1992,2506.5,Debit Card,392,26,10,5,3,No,No
T11550,C1622,618.81,UPI,8,88,13,14,4,Yes,No
T11551,C1615,497.69,Net Banking,809,14,18,3,9,No,No
T11552,C1827,584.44,Net Banking,1279,36,17,0,4,No,Yes
T11553,C1682,518.42,Cash on Delivery,330,58,8,1,5,No,No
T11554,C1459,1849.3,Credit Card,740,2,15,14,0,No,No
T11555,C1355,175.07,Cash on Delivery,715,54,15,12,1,No,No
T11556,C1323,231.37,Net Banking,753,37,17,14,7,No,No
T11557,C1132,7063.86,Net Banking,276,22,5,2,3,No,No
T11558,C1887,531.08,Cash on Delivery,1404,16,5,2,6,No,No
T11559,C1804,1339.45,Net Banking,652,21,19,4,6,No,No
T11560,C1839,247.36,Debit Card,245,93,2,9,2,No,No
T11561,C1126,1204.87,UPI,192,18,2,3,6,No,No
T11562,C1105,534.32,UPI,112,52,19,1,6,Yes,No
T11563,C1603,229.73,UPI,301,82,0,8,7,No,No
T11564,C1798,4175.21,Debit Card,149,20,1,12,8,No,Yes
T11565,C1377,3578.02,Net Banking,1201,78,8,15,3,No,No
T11566,C1904,985.0,Cash on Delivery,506,37,6,13,9,No,No
T11567,C1050,2979.23,Credit Card,477,15,13,5,1,No,No
T11568,C1028,7356.16,Net Banking,1464,6,9,15,6,No,No
T11569,C1461,2331.05,Debit Card,735,10,3,3,9,No,No
T11570,C1295,1771.67,Debit Card,1096,26,11,12,6,No,No
T11571,C1296,1338.02,UPI,990,0,20,5,7,No,No
T11572,C1725,2099.59,Net Banking,1306,54,8,0,5,No,No
T11573,C1778,762.1,UPI,44,77,1,2,5,No,No
T11574,C1406,831.61,Credit Card,1398,90,15,4,9,No,No
T11575,C1768,1721.4,UPI,958,50,0,7,7,No,No
T11576,C1813,682.75,Credit Card,1089,32,19,14,10,No,No
T11577,C1612,760.67,Debit Card,1336,91,6,9,10,No,No
T11578,C1404,1096.84,UPI,1299,61,6,2,8,No,No
T11579,C1345,3465.48,UPI,1269,35,15,14,9,No,No
T11580,C1621,353.31,Cash on Delivery,1192,89,7,12,8,No,No
T11581,C1419,2342.98,Debit Card,242,58,14,15,7,No,No
T11582,C1181,2420.66,Cash on Delivery,292,17,1,15,3,No,No
T11583,C1982,2406.22,Credit Card,1142,56,16,12,4,No,No
T11584,C1824,489.44,Credit Card,67,88,15,10,4,No,No
T11585,C1000,201.81,Debit Card,438,2,9,7,1,Yes,No
T11586,C1830,1919.27,Credit Card,403,80,7,13,5,No,No
T11587,C1949,1322.84,Debit Card,1367,87,4,6,9,No,No
T11588,C1566,2994.03,Credit Card,318,51,19,3,7,No,No
T11589,C1370,544.28,Net Banking,534,31,16,6,10,No,No
T11590,C1935,2345.18,UPI,854,89,20,14,10,No,Yes
T11591,C1910,3147.65,Net Banking,954,88,0,5,10,No,Yes
T11592,C1660,996.94,Debit Card,1453,82,7,13,4,No,No
T11593,C1430,1663.92,Debit Card,1180,57,5,10,8,No,No
T11594,C1968,1606.75,Net Banking,752,45,7,9,1,Yes,No
T11595,C1308,482.28,UPI,840,13,17,14,7,No,No
T11596,C1136,1865.15,UPI,1088,25,15,3,10,No,No
T11597,C1201,5555.25,Cash on Delivery,1265,77,8,1,3,No,No
T11598,C1435,1121.26,Credit Card,906,43,1,12,2,Yes,No
T11599,C1312,254.44,Cash on Delivery,1158,100,14,15,5,No,No
T11600,C1116,551.57,UPI,269,89,6,8,10,No,Yes
T11601,C1665,185.04,Net Banking,361,22,2,6,10,No,No
T11602,C1936,3984.87,Credit Card,117,25,18,1,8,No,No
T11603,C1802,2354.55,Net Banking,914,37,3,15,1,No,No
T11604,C1574,664.23,Cash on Delivery,1089,5,19,7,1,No,No
T11605,C1243,265.59,Debit Card,941,42,12,5,3,No,No
T11606,C1536,476.61,Net Banking,982,77,11,1,5,No,No
T11607,C1601,579.24,Cash on Delivery,872,88,10,6,2,Yes,No
T11608,C1074,1223.42,Cash on Delivery,1218,95,13,3,8,No,No
T11609,C1805,1182.94,Cash on Delivery,260,82,10,0,5,No,Yes
T11610,C1385,4194.09,Debit Card,448,39,2,7,9,No,No
T11611,C1902,548.53,Debit Card,1301,30,19,15,4,No,No
T11612,C1209,242.7,Debit Card,1026,80,19,5,8,No,Yes
T11613,C1474,344.82,Credit Card,112,89,20,11,3,No,No
T11614,C1417,1071.67,Debit Card,1162,58,12,13,6,No,No
T11615,C1346,529.18,Debit Card,1472,28,5,13,1,No,No
T11616,C1528,818.92,Debit Card,1389,90,7,4,1,No,No
T11617,C1639,696.43,Net Banking,1361,98,10,1,5,No,No
T11618,C1938,2952.0,Debit Card,466,42,3,7,1,No,Yes
T11619,C1954,609.74,Credit Card,835,21,3,12,9,No,No
T11620,C1875,751.94,Cash on Delivery,1247,9,8,1,3,No,No
T11621,C1762,2246.85,Net Banking,73,91,5,2,2,No,Yes
T11622,C1178,623.29,UPI,1391,63,6,1,2,No,No
T11623,C1181,1674.4,Debit Card,292,17,1,15,3,No,No
T11624,C1663,1527.65,Cash on Delivery,514,25,9,8,1,Yes,No
T11625,C1024,1263.66,Cash on Delivery,1265,99,7,14,5,No,No
T11626,C1966,352.69,Net Banking,290,43,14,4,4,No,No
T11627,C1179,3750.99,UPI,1084,7,5,7,8,No,No
T11628,C1709,10103.97,Credit Card,1359,14,16,6,2,No,No
T11629,C1500,1106.36,Cash on Delivery,99,14,8,5,10,No,No
T11630,C1855,385.15,Cash on Delivery,925,40,20,2,7,No,No
T11631,C1160,1129.02,Cash on Delivery,1295,69,17,8,10,No,No
T11632,C1176,2950.88,Cash on Delivery,1107,64,10,6,9,No,No
T11633,C1284,592.77,Net Banking,849,98,15,15,2,No,No
T11634,C1062,964.01,UPI,799,33,1,0,4,No,Yes
T11635,C1661,1541.72,Cash on Delivery,733,37,19,7,6,No,No
T11636,C1665,3652.06,Credit Card,361,22,2,6,10,Yes,No
T11637,C1155,2381.35,Credit Card,232,68,18,9,7,Yes,No
T11638,C1881,2482.12,Debit Card,522,62,15,3,5,No,No
T11639,C1468,716.04,Cash on Delivery,1384,58,17,8,6,No,Yes
T11640,C1048,1639.13,Cash on Delivery,1281,83,0,3,3,No,No
T11641,C1966,532.74,Cash on Delivery,290,43,14,4,4,No,No
T11642,C1848,2554.28,Cash on Delivery,1218,5,15,9,0,No,No
T11643,C1083,3467.61,Cash on Delivery,246,59,20,10,0,No,No
T11644,C1360,1907.15,Credit Card,382,59,20,2,10,No,No
T11645,C1688,759.45,UPI,444,41,3,4,5,No,No
T11646,C1147,894.51,UPI,355,69,14,2,10,No,No
T11647,C1629,6677.62,Debit Card,1073,90,11,8,4,No,No
T11648,C1341,772.24,Credit Card,1136,31,4,12,2,No,No
T11649,C1475,3133.78,Cash on Delivery,593,66,3,11,4,No,No
T11650,C1062,1539.01,UPI,799,33,1,0,4,Yes,Yes
T11651,C1700,785.14,Net Banking,393,61,7,7,2,No,No
T11652,C1359,285.82,Net Banking,57,86,17,3,7,No,No
T11653,C1560,1355.06,Net Banking,1136,22,7,10,4,No,No
T11654,C1326,1201.23,Cash on Delivery,483,47,4,8,0,No,No
T11655,C1768,6677.74,Cash on Delivery,958,50,0,7,7,No,Yes
T11656,C1735,463.96,Debit Card,251,78,17,5,7,No,No
T11657,C1140,10880.95,Debit Card,129,27,0,6,8,No,No
T11658,C1989,1601.68,Debit Card,294,20,5,8,1,No,No
T11659,C1214,1600.11,Net Banking,716,46,12,7,8,No,No
T11660,C1434,606.03,Cash on Delivery,754,59,0,3,1,No,No
T11661,C1890,1502.23,Net Banking,1342,65,0,12,7,No,No
T11662,C1951,1759.97,Debit Card,635,94,12,6,5,No,No
T11663,C1722,2799.87,Cash on Delivery,179,58,6,2,8,No,No
T11664,C1317,412.27,Credit Card,894,8,2,4,4,Yes,No
T11665,C1031,4477.32,UPI,407,89,6,3,10,Yes,No
T11666,C1669,1574.06,UPI,1210,91,20,0,9,Yes,No
T11667,C1284,2014.71,Debit Card,849,98,15,15,2,No,No
T11668,C1304,879.24,Net Banking,1005,65,7,1,9,No,Yes
T11669,C1428,433.49,Credit Card,1425,0,3,1,9,Yes,No
T11670,C1476,1179.36,Cash on Delivery,1270,1,16,3,6,No,No
T11671,C1285,1322.52,Net Banking,1255,23,7,6,1,No,No
T11672,C1143,274.4,Debit Card,231,77,19,0,10,No,No
T11673,C1423,2424.27,Net Banking,809,76,5,5,6,No,No
T11674,C1018,2970.62,Debit Card,740,59,9,9,7,No,No
T11675,C1017,528.65,UPI,205,20,6,2,0,Yes,No
T11676,C1768,394.42,UPI,958,50,0,7,7,No,No
T11677,C1589,810.0,Net Banking,1113,60,0,10,8,No,No
T11678,C1370,1123.15,Credit Card,534,31,16,6,10,No,No
T11679,C1174,842.04,Cash on Delivery,406,29,20,9,4,No,No
T11680,C1193,1031.82,Debit Card,171,84,14,3,7,No,No
T11681,C1501,1368.51,Cash on Delivery,1363,9,16,14,9,Yes,No
T11682,C1987,279.14,UPI,1117,21,4,8,10,No,No
T11683,C1112,313.16,Credit Card,1056,16,13,2,0,No,No
T11684,C1113,72.08,Credit Card,181,43,20,5,7,No,No
T11685,C1221,2814.51,Cash on Delivery,1358,22,0,15,0,No,No
T11686,C1677,1113.46,UPI,1329,56,17,6,3,No,No
T11687,C1946,3127.07,Cash on Delivery,795,96,0,7,7,No,No
T11688,C1830,351.52,Net Banking,403,80,7,13,5,No,Yes
T11689,C1643,1123.73,Credit Card,1428,37,10,1,10,No,No
T11690,C1896,1359.44,Credit Card,885,36,0,15,9,No,No
T11691,C1263,625.29,Net Banking,833,29,6,13,8,No,No
T11692,C1924,231.96,UPI,79,6,9,10,4,No,No
T11693,C1054,6284.69,Credit Card,736,4,16,7,6,No,No
T11694,C1870,4443.88,Debit Card,1480,23,14,13,8,No,No
T11695,C1642,748.5,Debit Card,766,0,5,1,4,Yes,No
T11696,C1799,1826.63,UPI,623,35,1,11,8,No,No
T11697,C1777,675.34,Net Banking,949,1,18,9,9,No,No
T11698,C1457,405.29,Cash on Delivery,1169,79,0,7,1,No,No
T11699,C1978,6817.59,UPI,855,34,19,5,3,No,No
T11700,C1877,209.48,Cash on Delivery,563,72,12,11,3,Yes,No
T11701,C1161,824.27,UPI,1113,22,11,0,6,Yes,No
T11702,C1379,1193.12,Debit Card,38,31,19,15,3,No,No
T11703,C1992,5717.21,Net Banking,392,26,10,5,3,No,No
T11704,C1086,2688.1,Debit Card,33,47,15,4,10,No,No
T11705,C1054,205.97,Net Banking,736,4,16,7,6,Yes,No
T11706,C1475,1093.62,Cash on Delivery,593,66,3,11,4,No,No
T11707,C1799,1119.97,UPI,623,35,1,11,8,No,No
T11708,C1177,872.76,Credit Card,364,58,4,3,9,No,No
T11709,C1390,2038.17,Credit Card,784,70,4,6,5,No,No
T11710,C1348,267.97,Net Banking,1391,91,1,13,6,No,No
T11711,C1007,728.77,Net Banking,460,44,11,7,3,Yes,No
T11712,C1832,1770.15,Debit Card,1353,80,4,6,1,Yes,No
T11713,C1312,2163.7,Credit Card,1158,100,14,15,5,No,No
T11714,C1758,1273.37,Debit Card,353,67,8,14,5,No,Yes
T11715,C1834,821.89,Cash on Delivery,878,77,4,11,7,No,No
T11716,C1983,972.68,Credit Card,1030,82,7,8,0,No,No
T11717,C1982,2299.41,Cash on Delivery,1142,56,16,12,4,No,No
T11718,C1442,1134.45,UPI,1208,16,11,8,5,No,No
T11719,C1766,386.89,Debit Card,1307,39,17,2,8,Yes,No
T11720,C1327,319.42,Net Banking,836,66,14,14,1,No,No
T11721,C1053,247.24,Credit Card,173,92,8,3,5,Yes,No
T11722,C1760,4701.24,Debit Card,1438,96,15,4,6,No,No
T11723,C1238,2458.88,Net Banking,355,95,15,15,7,No,No
T11724,C1228,985.86,UPI,892,95,10,12,10,No,No
T11725,C1578,696.6,Credit Card,898,81,9,1,1,Yes,No
T11726,C1050,617.74,Cash on Delivery,477,15,13,5,1,Yes,No
T11727,C1608,3272.26,UPI,1005,0,6,5,2,No,No
T11728,C1603,7364.55,Net Banking,301,82,0,8,7,No,No
T11729,C1263,598.61,Credit Card,833,29,6,13,8,No,No
T11730,C1417,3423.49,Credit Card,1162,58,12,13,6,No,No
T11731,C1802,1127.79,UPI,914,37,3,15,1,Yes,No
T11732,C1095,886.76,Credit Card,359,41,9,10,6,No,No
T11733,C1087,4935.52,Net Banking,1460,22,1,12,0,No,No
T11734,C1077,1085.54,UPI,79,48,9,14,7,Yes,No
T11735,C1287,1474.93,Cash on Delivery,1170,17,18,7,5,No,No
T11736,C1119,1405.68,UPI,553,13,15,0,8,No,No
T11737,C1813,215.81,UPI,1089,32,19,14,10,No,No
T11738,C1490,1463.24,Cash on Delivery,1289,37,7,3,6,No,No
T11739,C1911,624.72,Net Banking,1204,93,20,3,5,No,No
T11740,C1451,264.77,Debit Card,1033,61,11,12,4,Yes,No
T11741,C1499,653.84,Debit Card,614,33,15,8,2,No,No
T11742,C1164,648.47,Cash on Delivery,1194,1,18,6,7,No,No
T11743,C1181,3071.38,Net Banking,292,17,1,15,3,No,No
T11744,C1468,378.5,Credit Card,1384,58,17,8,6,No,No
T11745,C1909,497.78,Cash on Delivery,257,76,14,11,8,No,No
T11746,C1734,1387.68,Debit Card,245,1,12,13,7,No,No
T11747,C1822,291.26,Net Banking,1350,39,2,2,9,No,No
T11748,C1943,567.36,UPI,826,32,14,3,7,No,No
T11749,C1977,207.58,Net Banking,991,54,20,3,8,Yes,No
T11750,C1006,2751.8,Net Banking,1209,55,14,2,8,No,Yes
T11751,C1329,811.3,Debit Card,869,15,16,0,9,Yes,No
T11752,C1774,1079.32,Debit Card,1358,64,19,15,6,No,No
T11753,C1672,2740.81,Credit Card,279,68,6,2,9,No,No
T11754,C1150,532.58,Credit Card,260,30,14,4,2,Yes,Yes
T11755,C1084,802.73,Cash on Delivery,1038,28,18,4,9,No,No
T11756,C1146,381.33,UPI,1479,30,3,5,1,No,No
T11757,C1623,380.5,Credit Card,1196,9,3,14,3,Yes,No
T11758,C1380,436.77,Debit Card,654,6,1,4,10,No,No
T11759,C1914,670.16,Net Banking,897,6,12,14,1,No,No
T11760,C1547,746.36,Cash on Delivery,1335,59,15,13,0,Yes,No
T11761,C1284,1463.57,Credit Card,849,98,15,15,2,No,No
T11762,C1699,449.79,Net Banking,1164,36,16,8,6,Yes,Yes
T11763,C1081,1509.65,Net Banking,14,99,16,15,0,Yes,No
T11764,C1513,1781.13,Credit Card,1411,24,19,13,2,No,No
T11765,C1896,686.89,UPI,885,36,0,15,9,No,No
T11766,C1814,490.43,UPI,1141,42,6,3,7,No,No
T11767,C1708,1194.02,Cash on Delivery,1036,4,14,2,0,No,No
T11768,C1915,895.23,UPI,19,56,11,8,2,No,No
T11769,C1522,1366.97,Cash on Delivery,973,99,11,10,9,No,No
T11770,C1745,5270.43,Debit Card,1397,17,11,11,2,No,No
T11771,C1385,1174.55,Credit Card,448,39,2,7,9,Yes,No
T11772,C1706,578.69,Net Banking,1449,6,4,9,2,Yes,No
T11773,C1470,449.94,Cash on Delivery,1147,68,13,8,10,No,No
T11774,C1118,467.69,UPI,1301,27,16,1,9,Yes,No
T11775,C1395,253.97,Cash on Delivery,293,84,12,1,3,No,No
T11776,C1531,2787.06,Cash on Delivery,1328,0,8,0,9,No,No
T11777,C1260,117.53,UPI,199,30,7,9,6,No,Yes
T11778,C1804,1786.66,UPI,652,21,19,4,6,Yes,No
T11779,C1933,460.33,Credit Card,853,58,3,5,9,No,No
T11780,C1255,656.94,Net Banking,129,52,11,11,0,Yes,Yes
T11781,C1733,446.76,Credit Card,249,62,3,15,9,No,No
T11782,C1904,4655.78,Credit Card,506,37,6,13,9,No,No
T11783,C1225,1114.67,UPI,398,12,11,10,6,No,Yes
T11784,C1052,2417.23,UPI,220,89,10,14,5,No,No
T11785,C1939,4025.99,Net Banking,184,98,18,8,10,No,No
T11786,C1866,1291.3,Cash on Delivery,91,30,3,5,3,No,No
T11787,C1499,331.75,Credit Card,614,33,15,8,2,No,No
T11788,C1505,879.5,Net Banking,814,30,15,12,0,No,No
T11789,C1853,522.04,Credit Card,706,100,7,7,10,No,No
T11790,C1363,662.81,Cash on Delivery,1157,45,20,5,3,No,No
T11791,C1279,997.62,Credit Card,355,83,12,2,7,No,No
T11792,C1592,958.96,Debit Card,954,73,17,0,5,No,No
T11793,C1713,1655.92,Net Banking,388,55,6,13,4,Yes,No
T11794,C1157,1914.68,UPI,588,96,0,12,7,No,No
T11795,C1631,958.97,Credit Card,356,22,13,0,9,No,No
T11796,C1058,1641.67,Net Banking,1284,69,6,0,10,No,No
T11797,C1726,633.11,Net Banking,750,63,9,9,0,No,No
T11798,C1127,4083.79,Credit Card,1317,38,5,2,3,No,No
T11799,C1735,622.96,UPI,251,78,17,5,7,Yes,No
T11800,C1720,3630.72,UPI,1062,39,13,9,0,No,No
T11801,C1881,250.62,Credit Card,522,62,15,3,5,No,No
T11802,C1114,749.64,Net Banking,579,85,1,2,2,No,No
T11803,C1208,787.62,UPI,34,34,6,5,3,No,No
T11804,C1525,1449.53,Credit Card,724,76,0,15,3,No,No
T11805,C1520,2596.23,Credit Card,1019,63,2,15,9,Yes,No
T11806,C1551,314.38,Credit Card,1066,71,4,9,3,No,No
T11807,C1961,362.13,Net Banking,482,12,5,0,5,No,No
T11808,C1236,269.91,UPI,205,87,19,12,2,No,No
T11809,C1280,4105.92,Net Banking,578,50,3,6,2,No,No
T11810,C1358,1476.76,Debit Card,1176,32,6,2,3,No,Yes
T11811,C1200,370.79,UPI,888,45,16,2,4,No,No
T11812,C1757,704.09,Net Banking,1134,76,10,1,1,Yes,No
T11813,C1277,3575.15,UPI,839,71,17,1,7,No,No
T11814,C1234,830.38,Debit Card,334,63,11,9,7,No,No
T11815,C1493,782.75,Cash on Delivery,307,52,20,3,3,No,No
T11816,C1003,502.05,Credit Card,968,40,6,0,2,No,No
T11817,C1665,393.47,Net Banking,361,22,2,6,10,No,No
T11818,C1441,3580.74,Debit Card,580,53,17,2,8,No,No
T11819,C1028,5848.27,Debit Card,1464,6,9,15,6,No,No
T11820,C1108,409.45,UPI,688,6,19,2,2,No,No
T11821,C1609,4469.1,UPI,477,76,10,3,6,No,No
T11822,C1726,673.58,Credit Card,750,63,9,9,0,No,No
T11823,C1804,1869.91,UPI,652,21,19,4,6,No,No
T11824,C1074,4492.72,Net Banking,1218,95,13,3,8,No,No
T11825,C1837,948.54,Net Banking,1087,97,8,6,9,No,Yes
T11826,C1145,790.02,Net Banking,863,58,1,0,0,Yes,No
T11827,C1127,2443.24,Cash on Delivery,1317,38,5,2,3,No,No
T11828,C1852,361.42,Net Banking,160,25,18,13,9,No,No
T11829,C1041,3453.22,UPI,1143,53,12,8,8,No,No
T11830,C1355,1264.98,UPI,715,54,15,12,1,No,No
T11831,C1040,615.39,Net Banking,1026,2,6,5,8,No,No
T11832,C1933,599.34,Debit Card,853,58,3,5,9,No,Yes
T11833,C1033,274.94,Debit Card,102,23,15,10,5,No,No
T11834,C1016,641.51,Debit Card,635,48,18,5,9,No,No
T11835,C1676,842.15,Credit Card,1445,57,7,11,4,No,No
T11836,C1152,379.44,Cash on Delivery,843,78,6,11,2,No,Yes
T11837,C1997,1047.89,Net Banking,1261,82,8,8,2,Yes,No
T11838,C1377,1759.73,Credit Card,1201,78,8,15,3,No,No
T11839,C1587,885.83,Debit Card,809,85,9,14,3,No,No
T11840,C1598,2127.55,Net Banking,1065,30,3,4,5,No,No
T11841,C1628,489.24,Credit Card,354,66,7,3,2,No,No
T11842,C1873,2991.06,UPI,1052,86,2,3,5,No,Yes
T11843,C1341,1238.7,Debit Card,1136,31,4,12,2,No,No
T11844,C1980,5142.31,Credit Card,681,58,6,11,2,Yes,No
T11845,C1026,12261.47,UPI,135,25,19,5,7,No,No
T11846,C1824,685.23,Debit Card,67,88,15,10,4,No,No
T11847,C1286,714.04,Cash on Delivery,1332,53,6,0,7,Yes,No
T11848,C1645,857.27,Debit Card,96,41,10,12,8,No,No
T11849,C1730,1989.63,Cash on Delivery,309,39,1,9,5,No,No
T11850,C1167,4129.74,Cash on Delivery,1050,85,16,6,5,No,No
T11851,C1609,570.89,Cash on Delivery,477,76,10,3,6,Yes,No
T11852,C1267,1605.59,Net Banking,643,12,13,5,7,No,No
T11853,C1748,957.26,Net Banking,898,64,16,3,5,No,No
T11854,C1820,2034.71,Cash on Delivery,979,22,15,8,3,No,No
T11855,C1454,4961.47,UPI,290,79,8,13,0,No,Yes
T11856,C1905,862.36,Cash on Delivery,1145,72,6,3,7,No,No
T11857,C1684,206.47,Credit Card,1041,33,15,14,4,No,No
T11858,C1400,2307.46,Cash on Delivery,769,32,10,1,0,No,No
T11859,C1921,476.89,Net Banking,1116,29,3,9,10,No,No
T11860,C1980,950.4,Net Banking,681,58,6,11,2,No,Yes
T11861,C1475,2409.15,Credit Card,593,66,3,11,4,No,No
T11862,C1701,1476.45,Credit Card,842,7,11,14,0,No,No
T11863,C1633,990.57,Debit Card,974,96,5,8,1,No,No
T11864,C1557,616.54,UPI,1318,84,14,13,6,No,No
T11865,C1575,60.35,UPI,1342,90,12,5,3,No,No
T11866,C1129,2204.64,UPI,1354,12,5,4,4,Yes,No
T11867,C1821,851.54,Net Banking,1010,35,4,12,8,No,No
T11868,C1362,4980.75,UPI,952,80,2,8,8,No,No
T11869,C1704,1632.76,Debit Card,744,96,5,6,4,No,No
T11870,C1818,638.34,Debit Card,1091,46,0,9,4,No,Yes
T11871,C1692,3187.11,UPI,1269,72,20,5,5,No,No
T11872,C1291,3467.29,Credit Card,21,32,20,7,7,No,No
T11873,C1370,880.92,Debit Card,534,31,16,6,10,No,No
T11874,C1793,3617.88,Credit Card,755,18,19,10,7,No,Yes
T11875,C1028,629.35,Net Banking,1464,6,9,15,6,Yes,No
T11876,C1148,1286.46,Debit Card,146,48,3,6,1,No,No
T11877,C1778,1941.87,Credit Card,44,77,1,2,5,No,No
T11878,C1295,2403.74,UPI,1096,26,11,12,6,No,No
T11879,C1010,2041.67,Net Banking,1039,84,8,0,4,No,No
T11880,C1511,786.3,Cash on Delivery,1087,86,11,14,3,No,Yes
T11881,C1675,3273.77,Cash on Delivery,1373,61,4,5,5,No,No
T11882,C1112,968.33,UPI,1056,16,13,2,0,No,No
T11883,C1186,620.78,Net Banking,664,48,8,8,2,No,Yes
T11884,C1806,629.96,Net Banking,674,44,2,0,2,No,No
T11885,C1743,7631.11,Net Banking,59,19,1,13,5,No,No
T11886,C1226,522.18,Net Banking,131,96,10,14,10,No,No
T11887,C1309,3990.35,Cash on Delivery,1127,65,15,0,0,No,Yes
T11888,C1097,352.32,Credit Card,1140,58,11,7,5,No,No
T11889,C1054,1786.31,Net Banking,736,4,16,7,6,No,No
T11890,C1622,1475.99,Credit Card,8,88,13,14,4,No,No
T11891,C1663,5548.19,Net Banking,514,25,9,8,1,No,No
T11892,C1757,569.98,Debit Card,1134,76,10,1,1,No,No
T11893,C1405,432.39,Debit Card,1076,99,16,14,2,No,No
T11894,C1068,976.03,Debit Card,1275,97,8,14,7,No,No
T11895,C1311,5795.3,Net Banking,577,98,4,8,2,No,No
T11896,C1288,452.98,Credit Card,1176,49,13,13,9,No,Yes
T11897,C1761,82.4,Cash on Delivery,702,4,4,13,1,No,No
T11898,C1547,1164.17,UPI,1335,59,15,13,0,No,Yes
T11899,C1750,2834.22,Cash on Delivery,1465,87,4,14,6,No,Yes
T11900,C1147,397.9,Net Banking,355,69,14,2,10,No,No
T11901,C1466,2560.43,Debit Card,46,43,12,11,5,Yes,No
T11902,C1738,389.2,Debit Card,986,49,4,11,2,No,No
T11903,C1243,947.13,Credit Card,941,42,12,5,3,Yes,Yes
T11904,C1490,2327.81,Net Banking,1289,37,7,3,6,No,No
T11905,C1848,334.47,Cash on Delivery,1218,5,15,9,0,No,No
T11906,C1957,1314.9,Net Banking,358,77,5,6,5,No,No
T11907,C1506,3695.88,Net Banking,1374,36,7,2,1,No,No
T11908,C1364,1761.52,Debit Card,1187,48,7,2,2,No,No
T11909,C1481,533.45,Cash on Delivery,1239,82,17,12,3,No,No
T11910,C1200,5007.63,UPI,888,45,16,2,4,No,No
T11911,C1153,2118.35,Debit Card,265,14,14,1,9,Yes,No
T11912,C1449,170.64,Cash on Delivery,962,25,1,10,10,No,No
T11913,C1500,2602.54,Credit Card,99,14,8,5,10,No,No
T11914,C1072,619.32,Debit Card,1295,27,6,1,0,Yes,Yes
T11915,C1712,1334.84,Credit Card,28,16,18,9,1,No,No
T11916,C1295,3004.91,Debit Card,1096,26,11,12,6,No,No
T11917,C1016,632.95,Net Banking,635,48,18,5,9,No,No
T11918,C1640,211.54,Cash on Delivery,783,17,11,9,4,No,Yes
T11919,C1216,4942.1,Credit Card,147,29,15,10,5,No,No
T11920,C1060,3514.26,Debit Card,1137,14,8,0,5,No,No
T11921,C1938,1005.0,Credit Card,466,42,3,7,1,No,No
T11922,C1615,2574.53,Debit Card,809,14,18,3,9,No,Yes
T11923,C1041,757.95,Debit Card,1143,53,12,8,8,No,No
T11924,C1024,1208.3,UPI,1265,99,7,14,5,No,No
T11925,C1038,949.29,UPI,404,53,18,10,1,No,No
T11926,C1802,789.23,UPI,914,37,3,15,1,Yes,No
T11927,C1130,1570.74,Credit Card,107,4,0,2,1,Yes,No
T11928,C1497,327.61,Net Banking,964,21,0,9,8,Yes,No
T11929,C1228,852.71,Debit Card,892,95,10,12,10,No,No
T11930,C1107,1501.89,Cash on Delivery,746,70,3,10,4,No,No
T11931,C1171,6891.89,UPI,891,15,14,15,0,Yes,No
T11932,C1434,341.2,Credit Card,754,59,0,3,1,No,No
T11933,C1477,1845.59,Credit Card,859,24,18,7,5,Yes,Yes
T11934,C1101,2059.36,Credit Card,250,22,15,0,8,No,No
T11935,C1865,167.89,Cash on Delivery,531,55,20,1,3,No,No
T11936,C1523,1653.31,Cash on Delivery,633,15,18,14,7,No,No
T11937,C1274,2644.63,UPI,1166,49,17,14,10,No,No
T11938,C1612,1975.65,Cash on Delivery,1336,91,6,9,10,No,Yes
T11939,C1043,1008.35,UPI,1215,94,16,4,2,No,No
T11940,C1954,1530.33,Cash on Delivery,835,21,3,12,9,Yes,No
T11941,C1816,1299.64,Cash on Delivery,1106,34,4,10,8,Yes,No
T11942,C1956,202.46,Cash on Delivery,764,89,20,9,8,No,Yes
T11943,C1016,1330.51,UPI,635,48,18,5,9,No,No
T11944,C1329,759.7,Debit Card,869,15,16,0,9,No,No
T11945,C1568,541.95,UPI,213,31,14,5,10,No,No
T11946,C1822,13160.43,Debit Card,1350,39,2,2,9,No,No
T11947,C1496,3837.65,Credit Card,185,30,2,2,6,Yes,No
T11948,C1814,347.17,Credit Card,1141,42,6,3,7,Yes,Yes
T11949,C1011,1550.97,UPI,748,11,2,13,0,No,No
T11950,C1317,4712.74,Debit Card,894,8,2,4,4,No,No
T11951,C1591,245.62,Debit Card,1021,94,9,10,2,No,No
T11952,C1215,1184.39,Debit Card,250,78,19,14,1,No,No
T11953,C1338,1241.5,Credit Card,15,50,4,0,6,No,No
T11954,C1775,306.59,UPI,143,8,13,8,3,Yes,Yes
T11955,C1990,1602.87,Net Banking,641,40,14,6,7,No,No
T11956,C1660,3348.43,Debit Card,1453,82,7,13,4,No,No
T11957,C1080,4954.48,Debit Card,675,87,2,3,6,No,No
T11958,C1726,854.6,Net Banking,750,63,9,9,0,No,No
T11959,C1484,13381.72,UPI,82,90,12,6,7,No,No
T11960,C1373,140.05,Debit Card,893,2,8,6,2,No,No
T11961,C1975,1565.9,UPI,908,80,0,1,4,Yes,Yes
T11962,C1709,267.12,Debit Card,1359,14,16,6,2,Yes,No
T11963,C1199,1200.13,Cash on Delivery,977,45,8,5,4,No,No
T11964,C1536,650.73,Debit Card,982,77,11,1,5,No,No
T11965,C1465,1820.52,Cash on Delivery,1326,46,0,12,7,No,No
T11966,C1088,965.96,UPI,257,26,14,10,3,No,No
T11967,C1267,480.11,Debit Card,643,12,13,5,7,No,No
T11968,C1654,512.71,Credit Card,1048,29,4,3,8,No,No
T11969,C1570,7573.87,Credit Card,124,73,8,10,9,No,No
T11970,C1921,1708.76,Net Banking,1116,29,3,9,10,Yes,No
T11971,C1488,199.91,Credit Card,952,98,2,6,10,No,No
T11972,C1876,1902.24,Cash on Delivery,80,62,13,10,7,No,No
T11973,C1537,902.64,Credit Card,1442,12,12,10,9,Yes,No
T11974,C1046,1101.69,Credit Card,1021,87,6,2,2,No,No
T11975,C1287,2489.63,Credit Card,1170,17,18,7,5,No,No
T11976,C1777,3580.39,Debit Card,949,1,18,9,9,No,No
T11977,C1015,464.6,Net Banking,1005,83,12,10,2,No,No
T11978,C1710,1064.5,UPI,991,20,19,3,6,No,No
T11979,C1400,635.17,Net Banking,769,32,10,1,0,No,No
T11980,C1918,1991.94,Cash on Delivery,898,3,6,10,4,No,No
T11981,C1793,869.31,Debit Card,755,18,19,10,7,Yes,No
T11982,C1980,1129.19,Debit Card,681,58,6,11,2,No,No
T11983,C1085,836.92,Credit Card,99,57,17,8,0,No,No
T11984,C1249,986.22,Credit Card,1394,50,13,2,9,No,No
T11985,C1390,6030.9,Cash on Delivery,784,70,4,6,5,No,No
T11986,C1781,11977.27,Debit Card,1020,67,6,2,0,No,No
T11987,C1334,1598.93,UPI,234,57,2,8,8,No,No
T11988,C1628,992.3,Net Banking,354,66,7,3,2,No,No
T11989,C1518,222.37,Debit Card,1293,97,7,8,2,Yes,No
T11990,C1136,512.64,UPI,1088,25,15,3,10,No,No
T11991,C1882,966.1,UPI,1481,18,11,1,0,Yes,Yes
T11992,C1687,536.43,Net Banking,1332,24,9,0,0,Yes,No
T11993,C1839,595.92,UPI,245,93,2,9,2,No,Yes
T11994,C1497,5299.62,Cash on Delivery,964,21,0,9,8,No,No
T11995,C1826,1128.67,UPI,684,14,18,2,4,No,No
T11996,C1726,1234.24,Cash on Delivery,750,63,9,9,0,No,Yes
T11997,C1476,558.81,UPI,1270,1,16,3,6,No,No
T11998,C1593,3560.1,Credit Card,1252,87,15,9,6,No,No
T11999,C1222,886.62,UPI,1200,60,16,6,4,No,No
T12000,C1989,651.41,Cash on Delivery,294,20,5,8,1,No,No
T12001,C1371,225.71,UPI,1178,82,10,14,8,No,Yes
T12002,C1934,1031.63,UPI,462,48,20,6,9,No,No
T12003,C1994,631.4,UPI,703,65,0,7,9,No,Yes
T12004,C1401,5911.06,Cash on Delivery,1242,39,20,6,8,No,No
T12005,C1442,6931.97,UPI,1208,16,11,8,5,No,No
T12006,C1489,318.85,Net Banking,372,68,14,4,0,No,No
T12007,C1614,357.04,Net Banking,861,50,13,14,9,Yes,No
T12008,C1272,831.87,Cash on Delivery,1293,64,18,13,5,No,No
T12009,C1525,484.91,Credit Card,724,76,0,15,3,Yes,No
T12010,C1158,1362.96,Net Banking,447,10,2,0,1,No,No
T12011,C1151,791.06,Debit Card,87,36,17,4,9,Yes,No
T12012,C1994,1451.76,Net Banking,703,65,0,7,9,No,No
T12013,C1619,3029.32,Debit Card,459,67,14,13,0,No,No
T12014,C1187,378.33,Cash on Delivery,233,31,5,13,4,Yes,No
T12015,C1812,2966.72,Credit Card,792,65,15,1,10,No,No
T12016,C1097,529.19,Debit Card,1140,58,11,7,5,No,No
T12017,C1130,9400.17,Debit Card,107,4,0,2,1,No,Yes
T12018,C1804,5546.8,Net Banking,652,21,19,4,6,No,No
T12019,C1170,979.38,Debit Card,488,29,9,11,1,Yes,No
T12020,C1935,418.39,Cash on Delivery,854,89,20,14,10,No,No
T12021,C1985,345.55,Cash on Delivery,483,33,12,1,0,No,No
T12022,C1182,2627.08,Cash on Delivery,789,90,18,8,9,No,No
T12023,C1982,1063.79,Net Banking,1142,56,16,12,4,No,No
T12024,C1363,2770.73,Credit Card,1157,45,20,5,3,Yes,No
T12025,C1038,9939.07,Net Banking,404,53,18,10,1,No,No
T12026,C1526,507.56,Cash on Delivery,901,58,7,2,3,No,No
T12027,C1887,320.49,Net Banking,1404,16,5,2,6,Yes,No
T12028,C1496,1329.5,Cash on Delivery,185,30,2,2,6,Yes,No
T12029,C1515,3445.28,UPI,586,65,14,14,4,No,No
T12030,C1348,428.18,UPI,1391,91,1,13,6,No,No
T12031,C1981,1135.27,Debit Card,916,38,14,10,0,No,Yes
T12032,C1920,4315.82,Credit Card,741,39,13,2,3,No,No
T12033,C1396,214.25,UPI,721,54,19,15,5,No,No
T12034,C1721,1387.58,Cash on Delivery,1324,44,19,2,2,No,Yes
T12035,C1160,639.0,Net Banking,1295,69,17,8,10,No,No
T12036,C1015,1241.6,Net Banking,1005,83,12,10,2,No,No
T12037,C1492,2230.06,Debit Card,110,16,17,7,2,No,Yes
T12038,C1425,1367.59,Net Banking,518,37,15,15,1,No,No
T12039,C1107,399.33,UPI,746,70,3,10,4,Yes,No
T12040,C1893,664.31,Net Banking,1113,42,1,8,10,No,No
T12041,C1449,4566.91,UPI,962,25,1,10,10,No,No
T12042,C1310,1523.75,UPI,1165,33,20,13,5,No,No
T12043,C1738,2541.02,Credit Card,986,49,4,11,2,No,No
T12044,C1169,1408.52,Debit Card,511,46,3,15,5,No,No
T12045,C1545,2462.95,Cash on Delivery,1405,50,1,14,0,No,No
T12046,C1413,737.93,UPI,905,12,8,12,6,No,No
T12047,C1250,509.02,Debit Card,950,15,14,11,2,No,No
T12048,C1758,2353.59,Cash on Delivery,353,67,8,14,5,No,No
T12049,C1780,3385.9,Net Banking,28,1,12,1,1,No,No
T12050,C1140,439.54,Debit Card,129,27,0,6,8,No,No
T12051,C1273,616.5,Debit Card,1225,26,10,15,6,No,No
T12052,C1415,931.48,Debit Card,1328,4,4,8,10,No,No
T12053,C1607,5540.41,Net Banking,1425,77,13,5,9,No,No
T12054,C1738,1925.87,Net Banking,986,49,4,11,2,No,No
T12055,C1890,291.75,Debit Card,1342,65,0,12,7,No,No
T12056,C1038,999.26,Credit Card,404,53,18,10,1,No,No
T12057,C1813,857.59,UPI,1089,32,19,14,10,No,No
T12058,C1028,339.25,Net Banking,1464,6,9,15,6,Yes,No
T12059,C1957,987.53,Credit Card,358,77,5,6,5,No,No
T12060,C1476,820.54,Net Banking,1270,1,16,3,6,No,No
T12061,C1317,763.85,Debit Card,894,8,2,4,4,No,No
T12062,C1244,729.69,Credit Card,168,41,4,10,1,No,No
T12063,C1747,4776.17,Cash on Delivery,236,29,9,7,7,No,No
T12064,C1696,762.27,UPI,711,37,7,8,1,No,No
T12065,C1271,1152.48,UPI,138,11,15,13,5,No,No
T12066,C1439,1034.05,Net Banking,787,7,9,4,0,Yes,No
T12067,C1747,661.81,UPI,236,29,9,7,7,No,No
T12068,C1238,1187.38,Cash on Delivery,355,95,15,15,7,No,No
T12069,C1376,1170.69,Credit Card,1334,98,5,9,2,No,No
T12070,C1265,1187.68,Credit Card,349,75,6,12,9,No,No
T12071,C1925,464.41,Debit Card,283,35,15,15,5,No,No
T12072,C1920,892.37,Credit Card,741,39,13,2,3,Yes,No
T12073,C1358,2345.66,Net Banking,1176,32,6,2,3,No,No
T12074,C1339,916.15,Cash on Delivery,1348,17,0,0,3,Yes,No
T12075,C1388,1289.21,Debit Card,1089,50,19,11,3,No,No
T12076,C1576,1296.0,Net Banking,1370,68,5,0,9,Yes,No
T12077,C1989,1664.69,Net Banking,294,20,5,8,1,No,No
T12078,C1688,1917.26,Net Banking,444,41,3,4,5,No,No
T12079,C1002,921.36,UPI,426,34,12,7,2,No,No
T12080,C1428,440.83,Net Banking,1425,0,3,1,9,No,No
T12081,C1141,324.18,UPI,256,61,3,15,1,Yes,No
T12082,C1375,3034.15,Credit Card,1245,75,10,6,8,No,No
T12083,C1669,2369.06,UPI,1210,91,20,0,9,Yes,No
T12084,C1323,2099.31,Net Banking,753,37,17,14,7,No,Yes
T12085,C1145,2468.1,Cash on Delivery,863,58,1,0,0,No,Yes
T12086,C1957,933.04,Cash on Delivery,358,77,5,6,5,No,No
T12087,C1292,587.06,Credit Card,1278,86,0,2,1,Yes,No
T12088,C1664,411.41,Net Banking,895,60,1,11,10,No,No
T12089,C1431,368.95,UPI,85,39,7,14,2,Yes,No
T12090,C1704,3685.49,Cash on Delivery,744,96,5,6,4,No,Yes
T12091,C1948,669.72,Debit Card,656,44,4,7,5,No,No
T12092,C1974,3149.06,Net Banking,318,55,4,0,8,No,No
T12093,C1584,909.7,Net Banking,880,67,18,4,6,No,No
T12094,C1398,557.67,Debit Card,756,96,12,14,9,No,No
T12095,C1816,367.1,Cash on Delivery,1106,34,4,10,8,No,No
T12096,C1888,609.02,Debit Card,531,17,11,5,2,Yes,No
T12097,C1343,4528.92,Credit Card,7,35,20,5,3,No,No
T12098,C1963,370.85,UPI,1102,54,13,6,8,No,No
T12099,C1139,9106.53,UPI,885,0,18,2,8,No,No
T12100,C1186,473.14,Cash on Delivery,664,48,8,8,2,No,No
T12101,C1804,2321.46,Debit Card,652,21,19,4,6,No,No
T12102,C1060,948.37,Net Banking,1137,14,8,0,5,No,No
T12103,C1996,795.87,Net Banking,1167,8,11,14,9,No,No
T12104,C1938,307.53,Net Banking,466,42,3,7,1,Yes,No
T12105,C1379,993.87,Credit Card,38,31,19,15,3,No,No
T12106,C1709,344.37,Credit Card,1359,14,16,6,2,No,No
T12107,C1806,204.06,Net Banking,674,44,2,0,2,No,Yes
T12108,C1439,1235.95,Cash on Delivery,787,7,9,4,0,No,No
T12109,C1318,580.9,Credit Card,512,30,9,11,3,No,Yes
T12110,C1301,5909.69,Credit Card,580,24,19,9,1,No,Yes
T12111,C1343,2981.02,UPI,7,35,20,5,3,No,No
T12112,C1010,5987.52,UPI,1039,84,8,0,4,No,No
T12113,C1061,555.08,Cash on Delivery,798,83,12,6,3,No,No
T12114,C1844,1256.57,Credit Card,1228,37,9,5,2,No,No
T12115,C1225,79.78,Credit Card,398,12,11,10,6,No,No
T12116,C1152,827.33,Debit Card,843,78,6,11,2,No,No
T12117,C1710,1210.15,Cash on Delivery,991,20,19,3,6,No,No
T12118,C1563,1279.27,Cash on Delivery,734,19,13,2,7,No,No
T12119,C1771,1051.14,Debit Card,760,12,4,14,10,Yes,No
T12120,C1570,1172.15,Debit Card,124,73,8,10,9,No,No
T12121,C1583,72.73,UPI,658,62,5,9,3,No,No
T12122,C1659,1416.89,Cash on Delivery,1200,60,4,0,4,No,No
T12123,C1860,1778.35,Cash on Delivery,1084,42,19,5,2,No,No
T12124,C1574,4179.83,Debit Card,1089,5,19,7,1,No,Yes
T12125,C1309,1585.63,Net Banking,1127,65,15,0,0,No,No
T12126,C1884,962.24,Net Banking,1124,55,1,13,1,No,No
T12127,C1242,3310.79,UPI,1026,0,8,0,3,No,No
T12128,C1492,103.82,Net Banking,110,16,17,7,2,No,No
T12129,C1365,655.27,Net Banking,275,64,0,8,9,No,No
T12130,C1329,509.89,Net Banking,869,15,16,0,9,Yes,No
T12131,C1106,1059.42,Credit Card,1497,13,18,6,7,No,No
T12132,C1225,121.67,UPI,398,12,11,10,6,No,No
T12133,C1824,4103.66,Debit Card,67,88,15,10,4,No,No
T12134,C1217,854.22,Net Banking,1370,23,6,15,2,No,No
T12135,C1936,1508.39,Credit Card,117,25,18,1,8,No,No
T12136,C1752,1370.72,Net Banking,975,82,12,0,3,Yes,No
T12137,C1505,3875.73,Credit Card,814,30,15,12,0,Yes,No
T12138,C1258,170.38,UPI,35,88,11,4,4,No,No
T12139,C1887,1226.99,Net Banking,1404,16,5,2,6,No,Yes
T12140,C1773,3450.17,Credit Card,1365,7,15,14,3,No,No
T12141,C1516,994.27,Cash on Delivery,818,37,11,4,8,No,No
T12142,C1772,423.58,Cash on Delivery,871,63,12,4,10,No,No
T12143,C1053,599.51,Credit Card,173,92,8,3,5,Yes,No
T12144,C1046,740.3,Net Banking,1021,87,6,2,2,No,No
T12145,C1726,533.23,Net Banking,750,63,9,9,0,No,Yes
T12146,C1688,941.23,UPI,444,41,3,4,5,No,No
T12147,C1520,4955.47,UPI,1019,63,2,15,9,No,No
T12148,C1098,603.43,Debit Card,404,43,8,0,9,No,No
T12149,C1019,673.39,UPI,1094,51,11,11,1,Yes,No
T12150,C1889,1736.77,Net Banking,332,80,3,6,0,No,No
T12151,C1752,920.74,Debit Card,975,82,12,0,3,No,No
T12152,C1572,290.27,UPI,624,14,2,1,3,No,No
T12153,C1890,1031.54,Credit Card,1342,65,0,12,7,No,No
T12154,C1489,993.38,Cash on Delivery,372,68,14,4,0,No,No
T12155,C1418,2909.33,UPI,1030,75,4,7,10,No,No
T12156,C1689,414.82,UPI,496,28,11,0,6,Yes,No
T12157,C1849,2928.72,Credit Card,184,67,17,4,0,Yes,No
T12158,C1061,994.43,Net Banking,798,83,12,6,3,No,No
T12159,C1144,362.15,Credit Card,1161,97,17,9,8,No,No
T12160,C1215,296.26,UPI,250,78,19,14,1,No,No
T12161,C1002,7588.49,Net Banking,426,34,12,7,2,Yes,Yes
T12162,C1159,934.57,Debit Card,1153,42,4,9,8,No,No
T12163,C1738,2797.56,UPI,986,49,4,11,2,No,No
T12164,C1997,198.72,Credit Card,1261,82,8,8,2,Yes,No
T12165,C1780,15331.96,Debit Card,28,1,12,1,1,No,No
T12166,C1119,2679.12,Cash on Delivery,553,13,15,0,8,No,No
T12167,C1892,849.43,Debit Card,740,64,7,4,10,No,No
T12168,C1088,807.41,Credit Card,257,26,14,10,3,No,No
T12169,C1328,2286.09,Debit Card,172,65,20,9,3,No,Yes
T12170,C1579,2158.53,Credit Card,1161,91,15,14,6,No,No
T12171,C1909,1316.23,UPI,257,76,14,11,8,Yes,No
T12172,C1356,1108.63,Net Banking,115,99,15,2,1,No,No
T12173,C1609,1921.9,Cash on Delivery,477,76,10,3,6,Yes,No
T12174,C1266,192.15,Net Banking,506,6,18,9,4,No,No
T12175,C1616,756.52,Net Banking,518,99,6,3,2,No,No
T12176,C1951,211.27,Net Banking,635,94,12,6,5,Yes,No
T12177,C1322,2007.39,Credit Card,599,42,12,9,7,No,No
T12178,C1634,557.9,Credit Card,1182,77,4,3,5,No,No
T12179,C1987,227.79,Cash on Delivery,1117,21,4,8,10,No,No
T12180,C1540,495.82,Credit Card,744,71,13,1,3,No,No
T12181,C1648,1273.29,Credit Card,1453,77,1,2,9,No,No
T12182,C1194,893.17,Credit Card,1439,45,9,13,3,No,No
T12183,C1920,339.29,Credit Card,741,39,13,2,3,No,No
T12184,C1737,199.36,UPI,325,87,18,0,8,No,No
T12185,C1331,1180.78,Cash on Delivery,1318,93,17,9,10,Yes,No
T12186,C1169,613.53,Credit Card,511,46,3,15,5,Yes,No
T12187,C1520,847.19,Cash on Delivery,1019,63,2,15,9,No,No
T12188,C1462,934.78,Debit Card,457,57,5,9,2,No,No
T12189,C1039,1685.92,UPI,814,8,10,2,10,No,No
T12190,C1536,2557.91,Credit Card,982,77,11,1,5,No,No
T12191,C1260,1269.67,UPI,199,30,7,9,6,No,No
T12192,C1394,795.95,UPI,643,73,20,0,4,No,No
T12193,C1954,1124.13,Debit Card,835,21,3,12,9,No,No
T12194,C1225,781.15,Cash on Delivery,398,12,11,10,6,Yes,No
T12195,C1983,212.18,UPI,1030,82,7,8,0,No,No
T12196,C1123,3268.04,Net Banking,86,74,11,6,9,No,Yes
T12197,C1974,2706.57,Debit Card,318,55,4,0,8,No,No
T12198,C1037,8009.1,Net Banking,1170,7,15,2,3,No,No
T12199,C1327,10726.79,Debit Card,836,66,14,14,1,No,No
T12200,C1250,338.32,Net Banking,950,15,14,11,2,Yes,No
T12201,C1900,784.15,Net Banking,107,75,19,2,1,No,No
T12202,C1175,13514.79,UPI,1050,8,4,13,6,No,No
T12203,C1601,1053.05,UPI,872,88,10,6,2,Yes,No
T12204,C1913,1399.98,Debit Card,1072,55,19,15,8,No,Yes
T12205,C1453,239.58,Cash on Delivery,170,24,6,4,3,No,No
T12206,C1036,1274.47,UPI,1317,46,16,15,8,No,No
T12207,C1315,7569.94,UPI,667,78,13,7,10,Yes,No
T12208,C1687,3970.41,Credit Card,1332,24,9,0,0,Yes,No
T12209,C1972,595.87,UPI,172,24,5,9,9,No,No
T12210,C1795,737.81,Cash on Delivery,894,20,4,10,9,No,No
T12211,C1964,353.93,Credit Card,978,81,17,4,3,No,No
T12212,C1972,468.17,Net Banking,172,24,5,9,9,No,No
T12213,C1592,162.36,Net Banking,954,73,17,0,5,No,Yes
T12214,C1113,1007.45,Credit Card,181,43,20,5,7,No,No
T12215,C1039,4964.71,Credit Card,814,8,10,2,10,No,No
T12216,C1300,1564.67,Credit Card,225,94,8,10,2,No,No
T12217,C1223,4299.44,Debit Card,125,94,1,15,0,No,No
T12218,C1317,3207.51,Cash on Delivery,894,8,2,4,4,No,No
T12219,C1348,634.73,Cash on Delivery,1391,91,1,13,6,Yes,No
T12220,C1114,513.11,Net Banking,579,85,1,2,2,No,No
T12221,C1697,533.16,Net Banking,870,19,18,2,9,No,No
T12222,C1322,196.95,Net Banking,599,42,12,9,7,No,No
T12223,C1567,1132.67,UPI,996,11,11,2,8,No,No
T12224,C1039,60.07,Net Banking,814,8,10,2,10,No,No
T12225,C1865,1981.12,Credit Card,531,55,20,1,3,No,No
T12226,C1039,1178.36,Net Banking,814,8,10,2,10,Yes,No
T12227,C1858,1757.13,Credit Card,254,79,7,14,9,No,No
T12228,C1972,3155.86,Debit Card,172,24,5,9,9,Yes,No
T12229,C1748,1337.82,UPI,898,64,16,3,5,No,No
T12230,C1288,5605.88,UPI,1176,49,13,13,9,No,No
T12231,C1261,2042.53,Cash on Delivery,77,68,15,4,10,No,Yes
T12232,C1215,514.33,Debit Card,250,78,19,14,1,No,No
T12233,C1146,864.62,Credit Card,1479,30,3,5,1,No,No
T12234,C1335,114.29,Debit Card,1414,27,4,14,8,No,No
T12235,C1167,444.88,UPI,1050,85,16,6,5,No,No
T12236,C1091,749.2,Credit Card,1284,48,15,3,4,No,No
T12237,C1352,1893.67,Debit Card,1170,58,4,12,1,No,No
T12238,C1570,517.83,UPI,124,73,8,10,9,No,No
T12239,C1570,315.37,Credit Card,124,73,8,10,9,No,No
T12240,C1815,166.08,Credit Card,1180,30,15,12,5,No,No
T12241,C1680,604.01,UPI,18,59,17,11,5,Yes,No
T12242,C1780,7714.46,Credit Card,28,1,12,1,1,Yes,No
T12243,C1362,1438.14,UPI,952,80,2,8,8,No,No
T12244,C1556,2806.18,Net Banking,1336,40,15,8,4,No,No
T12245,C1344,445.83,Net Banking,826,8,13,12,9,No,No
T12246,C1692,227.36,Credit Card,1269,72,20,5,5,Yes,No
T12247,C1169,323.41,Credit Card,511,46,3,15,5,No,No
T12248,C1355,995.13,UPI,715,54,15,12,1,No,No
T12249,C1190,149.29,Credit Card,658,53,7,3,9,No,No
T12250,C1666,400.78,Cash on Delivery,274,45,17,0,5,No,No
T12251,C1421,610.11,Net Banking,1019,85,13,3,2,No,No
T12252,C1699,292.68,Credit Card,1164,36,16,8,6,No,No
T12253,C1006,131.15,Credit Card,1209,55,14,2,8,No,No
T12254,C1132,1465.06,Debit Card,276,22,5,2,3,No,Yes
T12255,C1746,1148.11,Credit Card,266,83,12,6,4,No,No
T12256,C1556,2389.96,Cash on Delivery,1336,40,15,8,4,No,No
T12257,C1825,361.25,Net Banking,1200,80,10,6,0,No,No
T12258,C1760,2344.72,Debit Card,1438,96,15,4,6,No,No
T12259,C1030,5060.92,UPI,1322,61,12,3,8,No,Yes
T12260,C1534,1425.41,UPI,79,68,12,13,5,Yes,Yes
T12261,C1425,595.89,Net Banking,518,37,15,15,1,No,No
T12262,C1393,1267.85,UPI,465,74,8,8,4,No,No
T12263,C1671,568.05,Cash on Delivery,913,2,1,14,6,No,No
T12264,C1362,480.93,Credit Card,952,80,2,8,8,No,No
T12265,C1436,2171.69,Net Banking,713,5,12,8,0,No,No
T12266,C1669,954.27,Debit Card,1210,91,20,0,9,No,No
T12267,C1550,3659.55,Credit Card,592,92,20,4,10,No,No
T12268,C1926,704.56,UPI,1335,34,10,7,6,No,No
T12269,C1081,779.63,UPI,14,99,16,15,0,No,No
T12270,C1355,622.34,Debit Card,715,54,15,12,1,No,No
T12271,C1257,357.74,Cash on Delivery,614,16,5,12,8,No,No
T12272,C1717,2476.06,Debit Card,98,59,15,6,5,No,No
T12273,C1588,9756.72,Net Banking,971,96,3,12,3,No,No
T12274,C1988,748.28,Debit Card,861,26,12,1,6,No,No
T12275,C1523,555.3,UPI,633,15,18,14,7,No,No
T12276,C1294,520.44,Cash on Delivery,1242,100,14,6,5,Yes,No
T12277,C1961,555.72,Cash on Delivery,482,12,5,0,5,No,No
T12278,C1223,5708.91,Debit Card,125,94,1,15,0,No,No
T12279,C1524,534.6,Net Banking,346,81,1,3,0,Yes,No
T12280,C1045,610.78,UPI,942,46,11,0,1,Yes,No
T12281,C1666,317.24,Credit Card,274,45,17,0,5,No,No
T12282,C1112,1470.93,Cash on Delivery,1056,16,13,2,0,No,No
T12283,C1232,1025.33,Debit Card,1431,51,13,6,3,No,Yes
T12284,C1016,351.72,Net Banking,635,48,18,5,9,No,No
T12285,C1359,449.07,Net Banking,57,86,17,3,7,No,Yes
T12286,C1222,5079.32,UPI,1200,60,16,6,4,No,No
T12287,C1865,1133.09,Cash on Delivery,531,55,20,1,3,Yes,No
T12288,C1699,1214.01,UPI,1164,36,16,8,6,No,No
T12289,C1447,1218.84,Credit Card,1333,77,14,15,8,No,No
T12290,C1855,4423.23,Credit Card,925,40,20,2,7,No,No
T12291,C1364,385.59,Credit Card,1187,48,7,2,2,No,Yes
T12292,C1674,737.75,Net Banking,1222,41,13,0,7,No,No
T12293,C1325,926.15,Cash on Delivery,975,71,14,5,3,No,No
T12294,C1466,196.14,UPI,46,43,12,11,5,No,No
T12295,C1413,438.72,UPI,905,12,8,12,6,No,No
T12296,C1454,3123.39,Credit Card,290,79,8,13,0,No,No
T12297,C1585,2345.41,Cash on Delivery,1017,17,1,9,3,No,No
T12298,C1232,2799.14,Cash on Delivery,1431,51,13,6,3,No,No
T12299,C1223,608.45,Debit Card,125,94,1,15,0,No,No
T12300,C1993,688.36,Cash on Delivery,249,36,3,1,8,No,No
T12301,C1830,183.45,Cash on Delivery,403,80,7,13,5,No,Yes
T12302,C1411,2784.81,UPI,602,92,0,5,1,No,No
T12303,C1571,3283.46,Cash on Delivery,1237,67,0,5,1,No,No
T12304,C1334,3241.92,Cash on Delivery,234,57,2,8,8,No,No
T12305,C1221,5453.93,UPI,1358,22,0,15,0,No,No
T12306,C1036,1672.56,Cash on Delivery,1317,46,16,15,8,No,No
T12307,C1988,5202.43,UPI,861,26,12,1,6,No,No
T12308,C1277,897.42,Debit Card,839,71,17,1,7,No,No
T12309,C1195,187.35,Net Banking,28,95,15,1,8,Yes,No
T12310,C1915,2593.4,UPI,19,56,11,8,2,No,No
T12311,C1863,180.57,UPI,556,89,11,1,3,No,No
T12312,C1483,1300.11,Cash on Delivery,367,61,10,2,4,No,No
T12313,C1241,2850.71,UPI,824,97,15,3,8,No,No
T12314,C1323,1516.65,Credit Card,753,37,17,14,7,No,No
T12315,C1730,10702.61,Credit Card,309,39,1,9,5,No,No
T12316,C1191,153.56,Debit Card,271,99,6,15,2,No,No
T12317,C1016,1009.43,UPI,635,48,18,5,9,No,No
T12318,C1523,1115.94,Cash on Delivery,633,15,18,14,7,No,No
T12319,C1917,285.97,Cash on Delivery,451,51,4,5,1,No,No
T12320,C1400,345.94,Net Banking,769,32,10,1,0,Yes,No
T12321,C1905,471.01,Debit Card,1145,72,6,3,7,Yes,No
T12322,C1885,365.17,Cash on Delivery,1427,20,17,0,6,No,No
T12323,C1704,984.37,Net Banking,744,96,5,6,4,Yes,No
T12324,C1021,600.06,Cash on Delivery,533,38,11,5,6,No,No
T12325,C1473,1507.05,Net Banking,637,92,17,7,7,No,Yes
T12326,C1119,2099.45,Credit Card,553,13,15,0,8,No,No
T12327,C1209,1962.12,Credit Card,1026,80,19,5,8,No,No
T12328,C1305,727.69,Cash on Delivery,1408,14,1,1,5,No,No
T12329,C1269,1457.5,Debit Card,1304,49,17,3,10,No,No
T12330,C1703,3087.54,UPI,50,44,3,11,8,No,No
T12331,C1686,1712.25,Debit Card,141,96,9,8,0,No,No
T12332,C1284,7037.28,Debit Card,849,98,15,15,2,No,No
T12333,C1715,2928.3,UPI,833,6,12,7,1,No,No
T12334,C1675,6114.43,Credit Card,1373,61,4,5,5,No,No
T12335,C1762,90.71,Credit Card,73,91,5,2,2,No,No
T12336,C1226,1207.95,UPI,131,96,10,14,10,No,No
T12337,C1947,793.19,Net Banking,587,44,16,0,0,No,No
T12338,C1380,967.79,Debit Card,654,6,1,4,10,No,No
T12339,C1459,490.31,Cash on Delivery,740,2,15,14,0,Yes,No
T12340,C1006,1629.78,Credit Card,1209,55,14,2,8,Yes,No
T12341,C1028,179.76,Cash on Delivery,1464,6,9,15,6,No,Yes
T12342,C1906,1641.62,UPI,1158,89,17,13,5,No,No
T12343,C1032,506.89,Cash on Delivery,1332,87,7,13,0,No,No
T12344,C1645,664.88,Cash on Delivery,96,41,10,12,8,Yes,Yes
T12345,C1878,1700.2,Debit Card,1482,82,11,11,7,No,No
T12346,C1078,1186.52,UPI,180,47,0,9,9,No,No
T12347,C1927,3146.11,Cash on Delivery,997,87,13,9,9,No,No
T12348,C1946,415.92,Credit Card,795,96,0,7,7,No,No
T12349,C1458,1011.61,UPI,1437,32,13,9,5,No,No
T12350,C1569,2667.17,Credit Card,253,32,11,14,9,No,No
T12351,C1982,1573.72,Net Banking,1142,56,16,12,4,No,No
T12352,C1537,1678.4,Cash on Delivery,1442,12,12,10,9,No,No
T12353,C1481,3321.07,UPI,1239,82,17,12,3,No,No
T12354,C1429,730.52,Credit Card,784,10,13,6,10,No,No
T12355,C1737,591.8,Cash on Delivery,325,87,18,0,8,No,No
T12356,C1284,1950.62,Debit Card,849,98,15,15,2,No,No
T12357,C1515,944.42,Credit Card,586,65,14,14,4,No,No
T12358,C1976,3368.44,Credit Card,798,60,10,2,10,No,No
T12359,C1098,1587.27,Net Banking,404,43,8,0,9,No,No
T12360,C1396,587.95,Debit Card,721,54,19,15,5,No,No
T12361,C1488,1538.22,Net Banking,952,98,2,6,10,No,No
T12362,C1038,444.66,Debit Card,404,53,18,10,1,No,No
T12363,C1270,2826.88,Credit Card,1456,2,10,9,10,No,No
T12364,C1886,271.2,Net Banking,576,33,12,0,9,No,No
T12365,C1796,3722.18,Cash on Delivery,239,42,16,0,9,Yes,No
T12366,C1156,1511.53,Debit Card,901,91,7,15,7,No,No
T12367,C1074,930.24,Credit Card,1218,95,13,3,8,No,No
T12368,C1883,2352.74,UPI,423,62,9,15,9,No,No
T12369,C1799,1828.64,Debit Card,623,35,1,11,8,No,No
T12370,C1129,4148.0,Debit Card,1354,12,5,4,4,No,Yes
T12371,C1686,4109.52,Cash on Delivery,141,96,9,8,0,No,No
T12372,C1973,1559.76,Debit Card,835,74,2,5,10,No,No
T12373,C1083,458.62,Debit Card,246,59,20,10,0,No,No
T12374,C1021,638.1,Cash on Delivery,533,38,11,5,6,No,Yes
T12375,C1458,1020.81,Cash on Delivery,1437,32,13,9,5,Yes,No
T12376,C1538,3234.8,Net Banking,1266,31,6,14,7,No,No
T12377,C1706,694.79,Credit Card,1449,6,4,9,2,No,No
T12378,C1848,755.26,Credit Card,1218,5,15,9,0,No,No
T12379,C1381,6962.9,Net Banking,1455,82,3,14,2,No,No
T12380,C1747,988.02,Credit Card,236,29,9,7,7,Yes,No
T12381,C1439,581.3,Debit Card,787,7,9,4,0,No,No
T12382,C1603,2384.26,Net Banking,301,82,0,8,7,No,No
T12383,C1988,1036.77,Net Banking,861,26,12,1,6,No,No
T12384,C1020,273.25,Credit Card,1254,53,2,9,0,No,No
T12385,C1302,3105.45,UPI,1478,83,13,13,7,No,No
T12386,C1975,519.55,Credit Card,908,80,0,1,4,No,No
T12387,C1868,1145.49,UPI,1241,56,8,0,0,Yes,No
T12388,C1954,1024.4,Net Banking,835,21,3,12,9,No,No
T12389,C1083,1380.36,UPI,246,59,20,10,0,No,No
T12390,C1773,122.6,Debit Card,1365,7,15,14,3,No,No
T12391,C1658,784.39,Cash on Delivery,1000,4,15,8,1,Yes,No
T12392,C1952,3377.32,UPI,844,16,11,8,6,No,No
T12393,C1452,3887.2,Cash on Delivery,987,90,2,9,1,No,No
T12394,C1386,406.96,Debit Card,684,84,7,8,7,No,Yes
T12395,C1506,2753.42,Cash on Delivery,1374,36,7,2,1,No,No
T12396,C1256,512.13,Debit Card,1471,97,18,5,8,No,No
T12397,C1569,754.06,Cash on Delivery,253,32,11,14,9,No,No
T12398,C1891,794.74,Cash on Delivery,653,50,10,8,9,Yes,No
T12399,C1933,1222.68,Credit Card,853,58,3,5,9,No,No
T12400,C1526,2985.03,UPI,901,58,7,2,3,No,Yes
T12401,C1161,1428.79,Cash on Delivery,1113,22,11,0,6,No,No
T12402,C1956,966.68,Net Banking,764,89,20,9,8,No,No
T12403,C1162,2885.09,Credit Card,466,39,11,0,4,No,Yes
T12404,C1831,491.44,UPI,192,21,18,9,4,No,No
T12405,C1792,1015.14,Credit Card,904,42,3,8,0,No,No
T12406,C1791,2968.41,UPI,424,9,16,15,0,No,No
T12407,C1523,1861.81,Debit Card,633,15,18,14,7,No,No
T12408,C1785,687.94,Cash on Delivery,845,2,17,8,2,Yes,No
T12409,C1270,241.54,Net Banking,1456,2,10,9,10,No,No
T12410,C1491,1496.46,Credit Card,264,3,19,2,10,No,No
T12411,C1207,226.18,Credit Card,1327,61,6,2,6,No,No
T12412,C1538,886.69,Credit Card,1266,31,6,14,7,No,No
T12413,C1583,3565.1,Credit Card,658,62,5,9,3,Yes,No
T12414,C1059,1991.73,Cash on Delivery,131,47,0,10,1,No,No
T12415,C1429,144.94,UPI,784,10,13,6,10,No,No
T12416,C1984,1340.04,Cash on Delivery,843,66,1,11,10,No,No
T12417,C1656,796.98,Debit Card,742,45,15,3,1,No,No
T12418,C1604,306.83,Cash on Delivery,1223,6,10,7,5,No,No
T12419,C1308,1533.06,Cash on Delivery,840,13,17,14,7,No,No
T12420,C1519,670.66,Debit Card,797,39,15,9,8,No,No
T12421,C1590,674.83,Cash on Delivery,730,77,14,10,5,Yes,Yes
T12422,C1026,1241.46,UPI,135,25,19,5,7,No,No
T12423,C1685,586.47,Net Banking,443,100,20,1,6,No,No
T12424,C1561,1206.81,Debit Card,1199,74,12,11,4,No,No
T12425,C1198,605.88,Credit Card,405,15,10,3,2,No,No
T12426,C1386,640.05,UPI,684,84,7,8,7,No,Yes
T12427,C1348,2959.96,Net Banking,1391,91,1,13,6,No,No
T12428,C1959,3276.96,UPI,1432,67,20,1,3,No,No
T12429,C1939,198.61,UPI,184,98,18,8,10,No,No
T12430,C1692,2314.79,Credit Card,1269,72,20,5,5,No,No
T12431,C1535,4440.81,Net Banking,705,17,20,1,10,No,No
T12432,C1827,5205.01,UPI,1279,36,17,0,4,Yes,No
T12433,C1377,1845.27,Credit Card,1201,78,8,15,3,Yes,No
T12434,C1898,380.92,Debit Card,81,68,5,10,0,No,No
T12435,C1915,2059.01,Credit Card,19,56,11,8,2,No,No
T12436,C1557,459.78,Cash on Delivery,1318,84,14,13,6,No,No
T12437,C1526,778.24,Credit Card,901,58,7,2,3,Yes,No
T12438,C1152,1608.54,Credit Card,843,78,6,11,2,No,No
T12439,C1733,490.41,Credit Card,249,62,3,15,9,No,No
T12440,C1205,348.49,UPI,1252,45,19,7,0,No,No
T12441,C1454,1747.21,Net Banking,290,79,8,13,0,No,No
T12442,C1272,7095.56,Credit Card,1293,64,18,13,5,No,No
T12443,C1893,3801.82,Credit Card,1113,42,1,8,10,No,No
T12444,C1235,2224.27,Cash on Delivery,1044,12,8,2,0,No,No
T12445,C1851,2919.55,Cash on Delivery,324,5,6,13,7,No,No
T12446,C1739,2075.01,Debit Card,501,80,0,6,1,No,No
T12447,C1520,1719.69,Debit Card,1019,63,2,15,9,No,Yes
T12448,C1677,2693.56,Cash on Delivery,1329,56,17,6,3,Yes,No
T12449,C1943,279.12,Net Banking,826,32,14,3,7,No,No
T12450,C1955,1338.74,Debit Card,1154,22,20,15,0,No,No
T12451,C1830,1011.36,Net Banking,403,80,7,13,5,No,No
T12452,C1725,1186.67,Cash on Delivery,1306,54,8,0,5,No,No
T12453,C1500,691.34,Debit Card,99,14,8,5,10,No,No
T12454,C1116,1845.47,Credit Card,269,89,6,8,10,Yes,No
T12455,C1385,483.99,Cash on Delivery,448,39,2,7,9,Yes,No
T12456,C1343,643.0,Debit Card,7,35,20,5,3,No,No
T12457,C1583,570.28,Net Banking,658,62,5,9,3,No,No
T12458,C1394,2601.77,Net Banking,643,73,20,0,4,No,No
T12459,C1063,1083.85,Debit Card,930,59,1,8,6,No,No
T12460,C1716,691.71,Net Banking,250,49,13,14,10,No,No
T12461,C1720,754.89,Debit Card,1062,39,13,9,0,No,No
T12462,C1071,1100.9,Debit Card,1433,87,14,1,2,No,No
T12463,C1788,5553.45,Net Banking,1127,86,11,15,10,No,No
T12464,C1273,318.45,UPI,1225,26,10,15,6,No,No
T12465,C1989,2154.92,Credit Card,294,20,5,8,1,No,No
T12466,C1319,1757.88,Cash on Delivery,250,77,5,5,8,No,No
T12467,C1337,453.52,Credit Card,52,9,8,0,8,Yes,No
T12468,C1365,4754.63,Cash on Delivery,275,64,0,8,9,No,No
T12469,C1494,1880.48,Cash on Delivery,1224,84,0,7,4,No,No
T12470,C1606,660.02,Credit Card,1130,7,13,4,8,No,No
T12471,C1165,170.82,Debit Card,128,78,8,3,8,No,No
T12472,C1543,1379.05,Net Banking,206,79,16,2,8,No,No
T12473,C1010,1048.65,UPI,1039,84,8,0,4,No,No
T12474,C1300,391.23,UPI,225,94,8,10,2,No,No
T12475,C1728,386.21,UPI,453,53,13,5,8,No,No
T12476,C1800,2613.67,Credit Card,1432,23,20,5,1,No,No
T12477,C1101,155.14,Credit Card,250,22,15,0,8,No,No
T12478,C1424,1501.59,Debit Card,979,0,1,7,7,Yes,No
T12479,C1391,909.2,UPI,1268,36,10,11,6,No,No
T12480,C1778,1802.91,Debit Card,44,77,1,2,5,No,No
T12481,C1213,817.05,UPI,1332,74,7,12,6,No,No
T12482,C1690,1470.38,Credit Card,426,24,7,6,5,Yes,No
T12483,C1087,521.77,Net Banking,1460,22,1,12,0,Yes,No
T12484,C1552,1043.98,Net Banking,533,32,6,15,0,No,No
T12485,C1400,1788.41,Net Banking,769,32,10,1,0,No,No
T12486,C1587,1275.22,Net Banking,809,85,9,14,3,No,Yes
T12487,C1888,1604.08,Cash on Delivery,531,17,11,5,2,No,No
T12488,C1045,433.58,UPI,942,46,11,0,1,Yes,Yes
T12489,C1671,607.48,Net Banking,913,2,1,14,6,No,No
T12490,C1462,618.11,Cash on Delivery,457,57,5,9,2,No,No
T12491,C1591,831.73,Cash on Delivery,1021,94,9,10,2,No,No
T12492,C1309,4266.64,Cash on Delivery,1127,65,15,0,0,No,No
T12493,C1085,769.56,Debit Card,99,57,17,8,0,No,No
T12494,C1091,349.48,Debit Card,1284,48,15,3,4,No,No
T12495,C1659,1884.93,Cash on Delivery,1200,60,4,0,4,No,No
T12496,C1672,4216.01,Net Banking,279,68,6,2,9,No,No
T12497,C1713,310.69,UPI,388,55,6,13,4,No,No
T12498,C1935,7885.74,Credit Card,854,89,20,14,10,No,No
T12499,C1927,1661.0,Debit Card,997,87,13,9,9,No,No
T12500,C1241,3083.72,Net Banking,824,97,15,3,8,Yes,Yes
T12501,C1864,4755.57,Net Banking,36,55,0,15,8,No,No
T12502,C1001,2900.44,Credit Card,1452,65,7,6,7,Yes,No
T12503,C1224,981.88,Credit Card,763,36,5,5,7,Yes,No
T12504,C1800,3705.96,Net Banking,1432,23,20,5,1,No,No
T12505,C1744,1414.6,Credit Card,731,82,0,14,10,No,No
T12506,C1972,3263.27,Net Banking,172,24,5,9,9,No,No
T12507,C1925,3640.5,Credit Card,283,35,15,15,5,No,No
T12508,C1928,368.38,Credit Card,160,38,13,7,7,Yes,No
T12509,C1588,2426.73,Net Banking,971,96,3,12,3,No,No
T12510,C1115,914.25,Cash on Delivery,798,45,3,4,8,No,No
T12511,C1665,1259.15,Net Banking,361,22,2,6,10,No,No
T12512,C1917,1245.25,UPI,451,51,4,5,1,No,No
T12513,C1102,1196.28,Credit Card,446,72,17,8,6,No,No
T12514,C1193,5031.76,Debit Card,171,84,14,3,7,No,No
T12515,C1165,279.65,Credit Card,128,78,8,3,8,No,Yes
T12516,C1870,195.91,UPI,1480,23,14,13,8,No,No
T12517,C1089,158.65,Debit Card,34,94,12,2,6,No,No
T12518,C1685,3194.37,Debit Card,443,100,20,1,6,No,No
T12519,C1121,506.01,Net Banking,275,25,17,3,0,No,No
T12520,C1142,1251.61,Cash on Delivery,934,46,9,1,2,No,No
T12521,C1993,977.78,Net Banking,249,36,3,1,8,Yes,Yes
T12522,C1105,451.97,Debit Card,112,52,19,1,6,No,No
T12523,C1886,2569.53,Debit Card,576,33,12,0,9,No,No
T12524,C1427,965.39,Cash on Delivery,783,51,4,3,3,No,No
T12525,C1304,864.6,Credit Card,1005,65,7,1,9,No,No
T12526,C1871,1384.19,Cash on Delivery,531,57,6,12,8,No,No
T12527,C1970,2254.7,Net Banking,23,82,4,11,9,No,No
T12528,C1316,420.32,Credit Card,79,11,18,0,7,Yes,No
T12529,C1962,2625.22,Net Banking,980,56,11,15,5,No,No
T12530,C1634,4674.39,Cash on Delivery,1182,77,4,3,5,No,No
T12531,C1901,263.45,Credit Card,1135,35,13,7,0,No,No
T12532,C1008,1448.52,Cash on Delivery,921,58,15,11,6,No,No
T12533,C1773,808.42,UPI,1365,7,15,14,3,No,No
T12534,C1072,2206.65,Debit Card,1295,27,6,1,0,No,No
T12535,C1358,324.84,Credit Card,1176,32,6,2,3,No,No
T12536,C1222,5591.14,Debit Card,1200,60,16,6,4,No,No
T12537,C1415,219.67,UPI,1328,4,4,8,10,No,No
T12538,C1552,858.96,Credit Card,533,32,6,15,0,No,No
T12539,C1369,1693.07,Debit Card,318,88,18,7,3,No,No
T12540,C1715,552.06,Debit Card,833,6,12,7,1,No,No
T12541,C1263,471.82,Credit Card,833,29,6,13,8,Yes,No
T12542,C1839,1369.55,Debit Card,245,93,2,9,2,Yes,No
T12543,C1689,1185.31,Debit Card,496,28,11,0,6,No,No
T12544,C1859,1103.16,Credit Card,283,82,18,3,6,No,No
T12545,C1317,2588.12,Debit Card,894,8,2,4,4,Yes,Yes
T12546,C1083,739.17,Debit Card,246,59,20,10,0,No,No
T12547,C1317,1509.59,Net Banking,894,8,2,4,4,No,No
T12548,C1110,660.76,Net Banking,969,2,12,9,1,No,No
T12549,C1250,469.03,UPI,950,15,14,11,2,Yes,No
T12550,C1382,824.88,Net Banking,747,70,17,6,6,No,No
T12551,C1006,665.96,Net Banking,1209,55,14,2,8,No,No
T12552,C1458,700.08,UPI,1437,32,13,9,5,No,No
T12553,C1083,3516.87,Debit Card,246,59,20,10,0,Yes,Yes
T12554,C1207,850.56,Debit Card,1327,61,6,2,6,No,No
T12555,C1899,565.15,Net Banking,402,55,20,11,2,No,No
T12556,C1389,1127.86,UPI,793,56,20,2,5,No,No
T12557,C1313,1217.1,Debit Card,199,24,4,10,2,No,No
T12558,C1021,334.66,Cash on Delivery,533,38,11,5,6,No,No
T12559,C1409,813.7,Credit Card,1038,68,10,13,5,Yes,Yes
T12560,C1894,781.58,Credit Card,511,56,1,7,9,No,No
T12561,C1514,923.21,Credit Card,1483,38,12,6,9,No,No
T12562,C1126,2265.45,Net Banking,192,18,2,3,6,No,No
T12563,C1808,1257.24,Credit Card,205,60,15,12,1,No,Yes
T12564,C1699,3744.1,Credit Card,1164,36,16,8,6,No,Yes
T12565,C1873,1083.92,Cash on Delivery,1052,86,2,3,5,No,No
T12566,C1013,6477.48,Debit Card,309,11,6,5,5,Yes,No
T12567,C1970,691.75,Cash on Delivery,23,82,4,11,9,No,No
T12568,C1977,507.98,Net Banking,991,54,20,3,8,No,No
T12569,C1011,1895.62,Credit Card,748,11,2,13,0,No,No
T12570,C1086,4290.17,Debit Card,33,47,15,4,10,Yes,No
T12571,C1523,276.22,Credit Card,633,15,18,14,7,No,No
T12572,C1908,900.55,Credit Card,1395,15,19,13,8,No,No
T12573,C1536,595.39,Net Banking,982,77,11,1,5,No,No
T12574,C1300,1265.03,Credit Card,225,94,8,10,2,Yes,No
T12575,C1242,1107.67,UPI,1026,0,8,0,3,Yes,No
T12576,C1121,4210.69,Debit Card,275,25,17,3,0,No,No
T12577,C1146,983.97,Debit Card,1479,30,3,5,1,No,No
T12578,C1566,4336.33,UPI,318,51,19,3,7,No,No
T12579,C1749,800.23,Net Banking,218,23,10,8,1,No,No
T12580,C1355,2769.67,Credit Card,715,54,15,12,1,No,No
T12581,C1684,1378.38,Credit Card,1041,33,15,14,4,No,No
T12582,C1903,6185.02,Debit Card,1238,54,14,8,2,No,No
T12583,C1732,250.38,Net Banking,293,43,19,7,1,Yes,No
T12584,C1630,342.46,Net Banking,464,49,9,8,2,No,No
T12585,C1308,6847.39,Net Banking,840,13,17,14,7,Yes,No
T12586,C1694,526.75,Credit Card,351,14,14,1,8,No,No
T12587,C1287,561.27,Net Banking,1170,17,18,7,5,Yes,No
T12588,C1306,456.81,UPI,107,27,8,12,1,Yes,No
T12589,C1811,3458.0,Cash on Delivery,1127,37,16,9,4,No,No
T12590,C1593,313.11,Net Banking,1252,87,15,9,6,No,No
T12591,C1965,1121.53,Cash on Delivery,1345,27,11,3,4,No,No
T12592,C1913,840.82,Credit Card,1072,55,19,15,8,No,No
T12593,C1722,3091.82,Net Banking,179,58,6,2,8,Yes,Yes
T12594,C1661,624.1,Debit Card,733,37,19,7,6,Yes,No
T12595,C1548,1661.16,Credit Card,1399,32,9,3,6,No,No
T12596,C1351,339.94,UPI,1037,65,4,1,8,No,No
T12597,C1311,10656.67,UPI,577,98,4,8,2,No,No
T12598,C1872,862.99,Cash on Delivery,538,72,11,6,0,No,No
T12599,C1058,1106.29,Cash on Delivery,1284,69,6,0,10,No,No
T12600,C1642,5737.36,Debit Card,766,0,5,1,4,No,Yes
T12601,C1923,609.92,Debit Card,737,93,13,1,2,Yes,No
T12602,C1713,5810.27,UPI,388,55,6,13,4,No,No
T12603,C1754,726.71,Net Banking,917,89,10,2,1,No,No
T12604,C1034,2146.72,UPI,1385,39,10,6,7,No,No
T12605,C1444,618.51,UPI,554,8,5,11,10,No,No
T12606,C1092,282.58,Debit Card,589,53,7,9,5,No,No
T12607,C1949,1660.04,Cash on Delivery,1367,87,4,6,9,No,No
T12608,C1958,2079.54,Debit Card,692,11,14,14,2,No,No
T12609,C1206,294.16,Debit Card,509,50,15,6,6,No,Yes
T12610,C1352,806.69,Debit Card,1170,58,4,12,1,No,Yes
T12611,C1902,3643.71,UPI,1301,30,19,15,4,Yes,No
T12612,C1331,1998.43,Net Banking,1318,93,17,9,10,No,No
T12613,C1816,738.62,UPI,1106,34,4,10,8,No,No
T12614,C1861,603.34,Credit Card,118,52,19,8,3,No,No
T12615,C1724,7694.37,Debit Card,1493,74,13,14,6,No,No
T12616,C1158,258.03,Debit Card,447,10,2,0,1,No,No
T12617,C1953,1033.6,Credit Card,1275,11,3,14,3,No,No
T12618,C1956,253.48,Debit Card,764,89,20,9,8,No,No
T12619,C1023,4083.93,Debit Card,876,63,14,7,8,No,No
T12620,C1403,1088.85,Debit Card,871,33,20,14,6,Yes,No
T12621,C1804,1310.51,Credit Card,652,21,19,4,6,No,No
T12622,C1515,17481.39,UPI,586,65,14,14,4,No,No
T12623,C1731,605.79,Debit Card,262,52,16,11,6,No,No
T12624,C1363,6301.71,Net Banking,1157,45,20,5,3,No,No
T12625,C1381,741.94,Credit Card,1455,82,3,14,2,No,No
T12626,C1531,868.26,Cash on Delivery,1328,0,8,0,9,No,No
T12627,C1955,15339.33,Credit Card,1154,22,20,15,0,No,No
T12628,C1151,933.47,UPI,87,36,17,4,9,No,No
T12629,C1561,277.45,Credit Card,1199,74,12,11,4,Yes,No
T12630,C1688,1453.77,Cash on Delivery,444,41,3,4,5,No,No
T12631,C1946,922.66,Net Banking,795,96,0,7,7,No,No
T12632,C1607,1583.03,Cash on Delivery,1425,77,13,5,9,No,No
T12633,C1616,959.49,Credit Card,518,99,6,3,2,Yes,No
T12634,C1419,10052.18,Cash on Delivery,242,58,14,15,7,No,No
T12635,C1249,1913.59,Credit Card,1394,50,13,2,9,No,Yes
T12636,C1116,374.29,Net Banking,269,89,6,8,10,Yes,No
T12637,C1865,1242.09,Net Banking,531,55,20,1,3,No,No
T12638,C1511,492.93,UPI,1087,86,11,14,3,No,No
T12639,C1739,856.01,Net Banking,501,80,0,6,1,No,No
T12640,C1577,441.23,Debit Card,1267,68,9,11,0,Yes,No
T12641,C1334,9019.27,Cash on Delivery,234,57,2,8,8,No,No
T12642,C1417,549.28,Cash on Delivery,1162,58,12,13,6,No,Yes
T12643,C1931,2181.06,Credit Card,888,48,2,5,3,No,No
T12644,C1773,793.55,Net Banking,1365,7,15,14,3,No,No
T12645,C1294,344.33,UPI,1242,100,14,6,5,No,No
T12646,C1937,1336.29,UPI,364,35,15,8,10,No,No
T12647,C1754,1637.12,UPI,917,89,10,2,1,Yes,No
T12648,C1370,1917.21,Debit Card,534,31,16,6,10,No,Yes
T12649,C1185,79.66,Net Banking,461,57,4,14,4,No,No
T12650,C1245,318.99,UPI,368,94,18,5,0,No,No
T12651,C1636,2857.08,Debit Card,859,94,0,3,1,No,No
T12652,C1267,435.46,Cash on Delivery,643,12,13,5,7,Yes,No
T12653,C1642,1343.38,Credit Card,766,0,5,1,4,No,No
T12654,C1236,311.68,Net Banking,205,87,19,12,2,No,No
T12655,C1529,2279.25,Net Banking,1038,97,20,6,6,No,No
T12656,C1551,2782.96,Cash on Delivery,1066,71,4,9,3,No,No
T12657,C1020,2279.95,Net Banking,1254,53,2,9,0,No,Yes
T12658,C1910,3079.61,Net Banking,954,88,0,5,10,No,No
T12659,C1736,5239.07,Net Banking,123,20,2,5,5,Yes,No
T12660,C1866,338.97,Net Banking,91,30,3,5,3,No,No
T12661,C1793,498.36,Debit Card,755,18,19,10,7,No,No
T12662,C1519,2690.66,Debit Card,797,39,15,9,8,No,No
T12663,C1099,3395.55,Credit Card,1226,97,4,7,3,No,Yes
T12664,C1751,558.72,Net Banking,1430,46,8,13,7,No,No
T12665,C1477,521.19,Cash on Delivery,859,24,18,7,5,No,No
T12666,C1598,571.23,UPI,1065,30,3,4,5,No,Yes
T12667,C1297,220.28,Credit Card,162,84,19,4,8,No,No
T12668,C1939,307.53,UPI,184,98,18,8,10,No,No
T12669,C1525,315.04,UPI,724,76,0,15,3,No,No
T12670,C1333,817.21,Net Banking,1243,30,19,11,2,No,No
T12671,C1001,1437.75,Cash on Delivery,1452,65,7,6,7,No,No
T12672,C1374,1691.67,UPI,517,59,16,9,2,No,Yes
T12673,C1292,659.47,UPI,1278,86,0,2,1,No,No
T12674,C1836,675.88,Credit Card,946,71,6,9,10,No,Yes
T12675,C1933,1240.99,Cash on Delivery,853,58,3,5,9,No,No
T12676,C1552,245.67,Cash on Delivery,533,32,6,15,0,No,No
T12677,C1317,2862.47,UPI,894,8,2,4,4,No,No
T12678,C1501,3965.49,Cash on Delivery,1363,9,16,14,9,No,No
T12679,C1827,586.64,Credit Card,1279,36,17,0,4,Yes,No
T12680,C1380,736.25,Credit Card,654,6,1,4,10,No,No
T12681,C1622,3802.11,Credit Card,8,88,13,14,4,No,No
T12682,C1013,969.66,Net Banking,309,11,6,5,5,Yes,No
T12683,C1503,1974.85,UPI,1290,52,5,4,0,No,No
T12684,C1230,999.94,Cash on Delivery,902,41,7,2,4,No,No
T12685,C1984,5199.45,Credit Card,843,66,1,11,10,No,No
T12686,C1083,1790.19,UPI,246,59,20,10,0,No,No
T12687,C1129,1896.29,UPI,1354,12,5,4,4,No,No
T12688,C1742,1931.99,Net Banking,836,98,2,8,6,No,No
T12689,C1837,629.48,Cash on Delivery,1087,97,8,6,9,No,No
T12690,C1144,690.05,Cash on Delivery,1161,97,17,9,8,No,No
T12691,C1890,2366.69,Credit Card,1342,65,0,12,7,No,No
T12692,C1856,1244.41,Credit Card,66,74,6,2,2,No,No
T12693,C1027,337.78,UPI,1114,70,5,12,8,No,Yes
T12694,C1065,7137.4,Cash on Delivery,1044,1,16,14,7,No,No
T12695,C1162,2916.3,Cash on Delivery,466,39,11,0,4,Yes,No
T12696,C1228,1138.68,Credit Card,892,95,10,12,10,Yes,No
T12697,C1260,834.22,Debit Card,199,30,7,9,6,No,No
T12698,C1448,1337.66,UPI,810,13,8,3,5,No,Yes
T12699,C1423,1840.0,Cash on Delivery,809,76,5,5,6,No,No
T12700,C1459,143.6,Net Banking,740,2,15,14,0,No,No
T12701,C1951,9066.57,Net Banking,635,94,12,6,5,No,Yes
T12702,C1675,497.76,Debit Card,1373,61,4,5,5,No,No
T12703,C1300,1094.55,Credit Card,225,94,8,10,2,No,No
T12704,C1918,1135.54,Credit Card,898,3,6,10,4,No,No
T12705,C1302,8077.6,Credit Card,1478,83,13,13,7,No,No
T12706,C1286,1004.13,Net Banking,1332,53,6,0,7,No,No
T12707,C1394,5369.59,Credit Card,643,73,20,0,4,No,Yes
T12708,C1009,1647.03,Net Banking,1126,49,5,10,7,Yes,No
T12709,C1706,419.1,Debit Card,1449,6,4,9,2,No,Yes
T12710,C1629,1254.77,UPI,1073,90,11,8,4,Yes,No
T12711,C1269,974.08,Cash on Delivery,1304,49,17,3,10,No,No
T12712,C1591,370.9,Debit Card,1021,94,9,10,2,No,Yes
T12713,C1969,1568.26,Net Banking,1499,2,8,5,7,No,No
T12714,C1604,1121.14,Debit Card,1223,6,10,7,5,No,No
T12715,C1777,1912.99,Cash on Delivery,949,1,18,9,9,No,No
T12716,C1843,1330.56,UPI,1201,79,20,10,3,No,No
T12717,C1861,571.86,Cash on Delivery,118,52,19,8,3,No,No
T12718,C1360,2364.53,Net Banking,382,59,20,2,10,No,No
T12719,C1256,587.34,Cash on Delivery,1471,97,18,5,8,Yes,No
T12720,C1132,49.42,Debit Card,276,22,5,2,3,No,No
T12721,C1275,1247.2,Credit Card,612,76,10,0,2,No,No
T12722,C1775,630.13,Debit Card,143,8,13,8,3,Yes,Yes
T12723,C1682,1607.01,Net Banking,330,58,8,1,5,No,No
T12724,C1971,8093.95,UPI,806,19,4,14,8,No,No
T12725,C1512,8331.01,Cash on Delivery,922,15,19,14,1,No,Yes
T12726,C1312,929.71,UPI,1158,100,14,15,5,No,No
T12727,C1575,479.86,Net Banking,1342,90,12,5,3,No,No
T12728,C1885,1967.82,Cash on Delivery,1427,20,17,0,6,No,No
T12729,C1979,757.31,Debit Card,1217,77,0,11,1,No,No
T12730,C1283,1622.59,Debit Card,559,34,2,7,0,No,No
T12731,C1120,566.31,Net Banking,633,8,12,6,5,No,Yes
T12732,C1106,1409.08,Cash on Delivery,1497,13,18,6,7,Yes,No
T12733,C1932,486.88,Debit Card,468,95,17,0,6,No,Yes
T12734,C1686,3584.07,Net Banking,141,96,9,8,0,Yes,No
T12735,C1996,607.91,Net Banking,1167,8,11,14,9,No,No
T12736,C1203,2124.1,UPI,444,88,7,7,2,No,No
T12737,C1164,309.59,Debit Card,1194,1,18,6,7,No,No
T12738,C1304,2395.08,Cash on Delivery,1005,65,7,1,9,No,No
T12739,C1496,417.22,Debit Card,185,30,2,2,6,No,No
T12740,C1631,1423.93,Debit Card,356,22,13,0,9,No,Yes
T12741,C1555,3050.93,Debit Card,1177,84,4,11,0,No,No
T12742,C1823,897.86,Net Banking,590,89,14,5,10,No,No
T12743,C1155,391.83,Credit Card,232,68,18,9,7,No,No
T12744,C1366,1802.29,Credit Card,1101,41,6,14,7,No,No
T12745,C1718,472.96,UPI,1361,82,12,6,9,No,No
T12746,C1901,731.98,Debit Card,1135,35,13,7,0,No,No
T12747,C1619,1430.05,Credit Card,459,67,14,13,0,Yes,No
T12748,C1250,4275.58,UPI,950,15,14,11,2,No,No
T12749,C1956,1126.14,Net Banking,764,89,20,9,8,Yes,No
T12750,C1915,1121.99,Debit Card,19,56,11,8,2,No,No
T12751,C1881,2292.76,Cash on Delivery,522,62,15,3,5,No,No
T12752,C1333,1153.29,Net Banking,1243,30,19,11,2,No,No
T12753,C1641,2070.47,UPI,121,20,2,15,6,No,No
T12754,C1968,3224.5,Net Banking,752,45,7,9,1,No,No
T12755,C1510,790.18,Cash on Delivery,88,13,1,0,7,No,No
T12756,C1292,41.47,Net Banking,1278,86,0,2,1,No,No
T12757,C1019,483.99,UPI,1094,51,11,11,1,No,No
T12758,C1281,3672.7,Cash on Delivery,847,16,9,6,5,Yes,No
T12759,C1796,1060.22,Cash on Delivery,239,42,16,0,9,No,No
T12760,C1000,781.23,Net Banking,438,2,9,7,1,No,No
T12761,C1118,3522.0,Cash on Delivery,1301,27,16,1,9,No,No
T12762,C1034,990.96,Net Banking,1385,39,10,6,7,No,No
T12763,C1197,135.3,Debit Card,925,36,6,15,4,Yes,No
T12764,C1484,243.4,Cash on Delivery,82,90,12,6,7,No,No
T12765,C1756,1666.78,Net Banking,918,28,20,0,6,No,No
T12766,C1058,1025.68,Debit Card,1284,69,6,0,10,No,No
T12767,C1836,4696.89,Cash on Delivery,946,71,6,9,10,No,Yes
T12768,C1160,526.75,Debit Card,1295,69,17,8,10,No,No
T12769,C1690,804.72,Cash on Delivery,426,24,7,6,5,No,No
T12770,C1205,452.82,UPI,1252,45,19,7,0,No,No
T12771,C1011,651.58,UPI,748,11,2,13,0,No,No
T12772,C1489,165.36,Net Banking,372,68,14,4,0,No,No
T12773,C1275,745.69,Credit Card,612,76,10,0,2,No,No
T12774,C1692,1041.2,UPI,1269,72,20,5,5,No,No
T12775,C1241,956.87,Credit Card,824,97,15,3,8,No,Yes
T12776,C1215,9410.24,Debit Card,250,78,19,14,1,No,No
T12777,C1250,6860.15,Debit Card,950,15,14,11,2,No,Yes
T12778,C1810,517.55,Credit Card,1177,60,14,7,10,No,No
T12779,C1125,142.03,Net Banking,404,33,14,6,5,No,No
T12780,C1993,993.07,Cash on Delivery,249,36,3,1,8,Yes,No
T12781,C1216,1598.0,Credit Card,147,29,15,10,5,No,No
T12782,C1305,463.83,Credit Card,1408,14,1,1,5,Yes,No
T12783,C1796,487.37,Credit Card,239,42,16,0,9,Yes,No
T12784,C1184,5337.73,Credit Card,191,95,19,8,2,No,No
T12785,C1038,847.63,Credit Card,404,53,18,10,1,No,Yes
T12786,C1222,2126.54,Net Banking,1200,60,16,6,4,No,No
T12787,C1183,432.55,UPI,816,81,10,4,1,No,No
T12788,C1494,1035.93,Cash on Delivery,1224,84,0,7,4,No,No
T12789,C1426,783.41,UPI,898,52,18,5,8,No,No
T12790,C1177,558.15,Credit Card,364,58,4,3,9,No,No
T12791,C1918,3481.79,UPI,898,3,6,10,4,No,No
T12792,C1427,273.45,Net Banking,783,51,4,3,3,No,No
T12793,C1293,1480.38,Debit Card,64,88,5,9,10,No,No
T12794,C1851,768.84,UPI,324,5,6,13,7,Yes,No
T12795,C1150,1660.42,Cash on Delivery,260,30,14,4,2,No,No
T12796,C1383,779.32,Net Banking,1227,68,0,3,5,No,No
T12797,C1637,2610.23,Debit Card,571,76,19,12,5,No,No
T12798,C1812,428.5,Net Banking,792,65,15,1,10,No,No
T12799,C1307,3489.64,Credit Card,621,12,6,11,2,No,No
T12800,C1335,1065.5,Debit Card,1414,27,4,14,8,Yes,No
T12801,C1945,290.47,Cash on Delivery,503,77,19,11,4,No,No
T12802,C1745,2165.09,Debit Card,1397,17,11,11,2,No,No
T12803,C1891,898.88,Cash on Delivery,653,50,10,8,9,No,No
T12804,C1374,198.77,Credit Card,517,59,16,9,2,No,Yes
T12805,C1007,1529.15,Cash on Delivery,460,44,11,7,3,No,No
T12806,C1340,3000.68,Net Banking,441,46,13,6,0,No,No
T12807,C1128,3952.63,UPI,1055,81,13,11,0,Yes,No
T12808,C1775,751.18,Net Banking,143,8,13,8,3,No,No
T12809,C1668,1268.15,Net Banking,1288,66,1,9,3,No,Yes
T12810,C1351,1153.48,Debit Card,1037,65,4,1,8,No,No
T12811,C1357,4864.91,Credit Card,509,30,15,12,9,No,No
T12812,C1516,487.61,UPI,818,37,11,4,8,No,No
T12813,C1494,689.07,Cash on Delivery,1224,84,0,7,4,No,No
T12814,C1085,475.93,Debit Card,99,57,17,8,0,Yes,No
T12815,C1174,257.46,Credit Card,406,29,20,9,4,No,No
T12816,C1801,1404.99,UPI,17,53,6,7,2,No,No
T12817,C1192,5438.72,Net Banking,1158,99,4,13,5,Yes,No
T12818,C1310,899.21,Credit Card,1165,33,20,13,5,No,No
T12819,C1118,454.0,Credit Card,1301,27,16,1,9,No,No
T12820,C1217,1321.95,Credit Card,1370,23,6,15,2,No,No
T12821,C1426,1976.57,Net Banking,898,52,18,5,8,No,No
T12822,C1969,937.89,Cash on Delivery,1499,2,8,5,7,No,No
T12823,C1413,4462.82,Debit Card,905,12,8,12,6,No,No
T12824,C1113,486.7,Cash on Delivery,181,43,20,5,7,No,No
T12825,C1977,823.06,UPI,991,54,20,3,8,No,Yes
T12826,C1144,1474.37,Debit Card,1161,97,17,9,8,No,No
T12827,C1537,1624.51,UPI,1442,12,12,10,9,Yes,No
T12828,C1647,1149.67,Net Banking,987,22,9,15,1,No,No
T12829,C1302,305.39,Cash on Delivery,1478,83,13,13,7,No,No
T12830,C1743,11361.79,Credit Card,59,19,1,13,5,No,No
T12831,C1880,866.13,Debit Card,176,97,18,3,8,No,No
T12832,C1587,1224.48,Credit Card,809,85,9,14,3,No,No
T12833,C1986,2031.97,UPI,132,40,11,7,10,No,No
T12834,C1839,580.27,Credit Card,245,93,2,9,2,No,No
T12835,C1344,1160.87,Credit Card,826,8,13,12,9,No,No
T12836,C1813,557.14,Net Banking,1089,32,19,14,10,No,Yes
T12837,C1963,1661.62,Net Banking,1102,54,13,6,8,No,No
T12838,C1800,832.12,Cash on Delivery,1432,23,20,5,1,No,No
T12839,C1000,1434.71,UPI,438,2,9,7,1,No,No
T12840,C1146,385.08,Net Banking,1479,30,3,5,1,No,No
T12841,C1286,478.7,Net Banking,1332,53,6,0,7,Yes,No
T12842,C1975,280.02,Cash on Delivery,908,80,0,1,4,No,No
T12843,C1653,538.87,Debit Card,333,25,1,0,1,No,No
T12844,C1052,83.64,Cash on Delivery,220,89,10,14,5,No,No
T12845,C1303,806.66,Credit Card,983,56,17,10,0,No,No
T12846,C1068,642.75,Credit Card,1275,97,8,14,7,Yes,No
T12847,C1360,1275.27,Net Banking,382,59,20,2,10,No,No
T12848,C1601,1146.66,Net Banking,872,88,10,6,2,No,No
T12849,C1957,3854.82,Cash on Delivery,358,77,5,6,5,No,No
T12850,C1219,14681.01,Cash on Delivery,1278,42,11,15,8,No,No
T12851,C1961,3420.49,UPI,482,12,5,0,5,Yes,No
T12852,C1703,697.07,Credit Card,50,44,3,11,8,Yes,Yes
T12853,C1965,669.55,Cash on Delivery,1345,27,11,3,4,No,No
T12854,C1574,2614.07,Debit Card,1089,5,19,7,1,No,No
T12855,C1584,203.7,UPI,880,67,18,4,6,Yes,No
T12856,C1160,800.15,Cash on Delivery,1295,69,17,8,10,No,No
T12857,C1680,864.24,Net Banking,18,59,17,11,5,No,No
T12858,C1088,1966.74,Cash on Delivery,257,26,14,10,3,No,No
T12859,C1687,2026.1,Net Banking,1332,24,9,0,0,No,No
T12860,C1780,520.84,Net Banking,28,1,12,1,1,No,Yes
T12861,C1584,724.61,Credit Card,880,67,18,4,6,No,Yes
T12862,C1756,1711.46,Credit Card,918,28,20,0,6,No,No
T12863,C1588,493.28,Cash on Delivery,971,96,3,12,3,No,No
T12864,C1158,3663.3,Cash on Delivery,447,10,2,0,1,Yes,No
T12865,C1488,2016.61,Debit Card,952,98,2,6,10,No,No
T12866,C1970,1301.81,UPI,23,82,4,11,9,No,No
T12867,C1323,1621.23,UPI,753,37,17,14,7,No,No
T12868,C1609,687.53,Cash on Delivery,477,76,10,3,6,No,Yes
T12869,C1380,586.23,Credit Card,654,6,1,4,10,No,No
T12870,C1101,717.14,Debit Card,250,22,15,0,8,No,No
T12871,C1493,1807.98,UPI,307,52,20,3,3,No,Yes
T12872,C1643,1340.79,Cash on Delivery,1428,37,10,1,10,No,No
T12873,C1613,718.59,Credit Card,1136,37,18,14,3,No,No
T12874,C1018,2320.6,Credit Card,740,59,9,9,7,No,No
T12875,C1453,921.55,Credit Card,170,24,6,4,3,No,No
T12876,C1481,548.23,Net Banking,1239,82,17,12,3,No,No
T12877,C1593,1414.23,Credit Card,1252,87,15,9,6,No,No
T12878,C1396,398.21,Cash on Delivery,721,54,19,15,5,No,No
T12879,C1278,202.91,Debit Card,938,31,18,9,8,No,No
T12880,C1850,1091.05,Cash on Delivery,247,81,16,14,4,No,No
T12881,C1364,568.26,Credit Card,1187,48,7,2,2,No,Yes
T12882,C1330,850.52,Debit Card,17,82,1,12,1,Yes,No
T12883,C1640,417.08,UPI,783,17,11,9,4,No,No
T12884,C1343,3673.62,UPI,7,35,20,5,3,No,No
T12885,C1821,565.95,Cash on Delivery,1010,35,4,12,8,No,No
T12886,C1454,711.94,Debit Card,290,79,8,13,0,No,No
T12887,C1600,1600.2,Cash on Delivery,1330,86,6,15,4,No,No
T12888,C1724,276.83,Debit Card,1493,74,13,14,6,No,No
T12889,C1654,257.1,Debit Card,1048,29,4,3,8,No,No
T12890,C1064,1605.12,Cash on Delivery,723,61,14,13,5,No,No
T12891,C1075,702.79,Debit Card,1465,36,18,7,5,No,No
T12892,C1710,445.19,Credit Card,991,20,19,3,6,No,No
T12893,C1142,2004.95,Debit Card,934,46,9,1,2,No,No
T12894,C1916,486.91,Debit Card,1070,54,14,1,5,No,No
T12895,C1914,833.38,Cash on Delivery,897,6,12,14,1,No,No
T12896,C1827,447.59,UPI,1279,36,17,0,4,No,No
T12897,C1604,1485.4,Net Banking,1223,6,10,7,5,No,No
T12898,C1472,4155.04,Debit Card,950,28,6,9,5,No,No
T12899,C1416,170.54,Net Banking,1292,57,8,2,8,No,No
T12900,C1304,1227.41,Debit Card,1005,65,7,1,9,No,No
T12901,C1735,2582.69,Cash on Delivery,251,78,17,5,7,No,No
T12902,C1496,719.48,Cash on Delivery,185,30,2,2,6,No,No
T12903,C1290,353.88,Debit Card,663,47,16,1,10,No,No
T12904,C1939,1670.64,Cash on Delivery,184,98,18,8,10,No,No
T12905,C1101,2985.89,Cash on Delivery,250,22,15,0,8,No,No
T12906,C1985,2671.84,Debit Card,483,33,12,1,0,No,No
T12907,C1266,1581.15,UPI,506,6,18,9,4,No,No
T12908,C1866,1209.44,Debit Card,91,30,3,5,3,No,No
T12909,C1967,446.3,UPI,1321,18,18,9,2,No,No
T12910,C1621,2605.15,Cash on Delivery,1192,89,7,12,8,Yes,No
T12911,C1973,2465.02,UPI,835,74,2,5,10,Yes,No
T12912,C1841,351.41,Cash on Delivery,393,79,12,15,10,No,Yes
T12913,C1961,1578.89,UPI,482,12,5,0,5,No,No
T12914,C1941,2106.59,UPI,1190,98,0,9,9,No,No
T12915,C1776,2649.47,Debit Card,1434,91,10,0,1,No,No
T12916,C1002,1017.4,UPI,426,34,12,7,2,No,No
T12917,C1084,465.18,Cash on Delivery,1038,28,18,4,9,No,Yes
T12918,C1793,663.74,Debit Card,755,18,19,10,7,No,No
T12919,C1327,400.51,UPI,836,66,14,14,1,No,No
T12920,C1815,1042.04,Debit Card,1180,30,15,12,5,No,No
T12921,C1449,856.72,Net Banking,962,25,1,10,10,No,No
T12922,C1453,9367.83,Debit Card,170,24,6,4,3,No,No
T12923,C1923,2682.96,Net Banking,737,93,13,1,2,No,No
T12924,C1628,2891.55,Net Banking,354,66,7,3,2,No,Yes
T12925,C1220,1756.98,Debit Card,399,33,16,4,2,No,No
T12926,C1153,759.52,Cash on Delivery,265,14,14,1,9,No,No
T12927,C1664,832.65,Cash on Delivery,895,60,1,11,10,No,Yes
T12928,C1011,912.45,Cash on Delivery,748,11,2,13,0,No,No
T12929,C1132,1323.76,Credit Card,276,22,5,2,3,No,No
T12930,C1993,1618.36,Net Banking,249,36,3,1,8,No,No
T12931,C1303,1097.41,Debit Card,983,56,17,10,0,No,Yes
T12932,C1292,820.08,Cash on Delivery,1278,86,0,2,1,No,No
T12933,C1974,605.4,Cash on Delivery,318,55,4,0,8,No,No
T12934,C1299,272.42,Debit Card,581,9,4,15,10,No,No
T12935,C1739,3957.55,Net Banking,501,80,0,6,1,Yes,Yes
T12936,C1782,9952.01,Debit Card,423,75,11,3,7,No,No
T12937,C1042,3638.54,Credit Card,855,20,18,0,7,No,No
T12938,C1943,311.36,Credit Card,826,32,14,3,7,No,No
T12939,C1342,2409.12,Debit Card,696,29,7,4,7,No,No
T12940,C1325,3052.68,Net Banking,975,71,14,5,3,No,No
T12941,C1813,732.57,Cash on Delivery,1089,32,19,14,10,No,No
T12942,C1497,1788.13,Credit Card,964,21,0,9,8,No,No
T12943,C1363,694.85,Credit Card,1157,45,20,5,3,No,No
T12944,C1890,5059.02,Net Banking,1342,65,0,12,7,No,No
T12945,C1426,1580.3,Credit Card,898,52,18,5,8,No,No
T12946,C1020,438.27,Credit Card,1254,53,2,9,0,No,No
T12947,C1406,2142.67,Net Banking,1398,90,15,4,9,No,No
T12948,C1618,3161.43,Debit Card,1122,63,2,3,8,No,No
T12949,C1335,1336.93,Cash on Delivery,1414,27,4,14,8,Yes,No
T12950,C1814,1771.25,Cash on Delivery,1141,42,6,3,7,Yes,No
T12951,C1116,1022.75,Credit Card,269,89,6,8,10,No,No
T12952,C1123,352.74,Cash on Delivery,86,74,11,6,9,Yes,No
T12953,C1398,942.25,Debit Card,756,96,12,14,9,No,No
T12954,C1792,1850.18,Credit Card,904,42,3,8,0,No,No
T12955,C1803,964.85,Cash on Delivery,226,16,12,4,5,No,No
T12956,C1714,2442.47,UPI,1316,49,2,4,4,Yes,Yes
T12957,C1050,740.87,UPI,477,15,13,5,1,No,Yes
T12958,C1782,791.09,UPI,423,75,11,3,7,No,Yes
T12959,C1323,2517.75,UPI,753,37,17,14,7,No,No
T12960,C1788,1369.02,UPI,1127,86,11,15,10,No,No
T12961,C1140,726.53,Credit Card,129,27,0,6,8,Yes,No
T12962,C1469,3083.45,Net Banking,1285,49,12,14,4,No,No
T12963,C1786,550.74,Net Banking,1231,67,18,0,4,No,No
T12964,C1801,530.09,Credit Card,17,53,6,7,2,No,No
T12965,C1333,64.75,Credit Card,1243,30,19,11,2,No,No
T12966,C1892,630.2,Debit Card,740,64,7,4,10,No,No
T12967,C1963,4059.1,Net Banking,1102,54,13,6,8,No,No
T12968,C1372,138.06,UPI,237,87,14,15,7,No,Yes
T12969,C1563,423.3,Credit Card,734,19,13,2,7,No,No
T12970,C1493,1701.16,UPI,307,52,20,3,3,No,No
T12971,C1538,116.18,Net Banking,1266,31,6,14,7,No,No
T12972,C1668,658.06,Cash on Delivery,1288,66,1,9,3,No,No
T12973,C1750,3431.88,Cash on Delivery,1465,87,4,14,6,No,No
T12974,C1155,8459.33,Credit Card,232,68,18,9,7,No,No
T12975,C1290,1465.93,Debit Card,663,47,16,1,10,No,No
T12976,C1647,434.21,UPI,987,22,9,15,1,No,Yes
T12977,C1143,419.84,Credit Card,231,77,19,0,10,No,No
T12978,C1105,1267.63,Debit Card,112,52,19,1,6,Yes,No
T12979,C1419,1452.39,UPI,242,58,14,15,7,No,Yes
T12980,C1669,7029.91,Net Banking,1210,91,20,0,9,No,No
T12981,C1657,2895.19,Cash on Delivery,506,68,1,2,9,No,No
T12982,C1001,1192.86,Debit Card,1452,65,7,6,7,No,No
T12983,C1944,784.3,UPI,1296,99,15,3,4,No,No
T12984,C1588,22352.91,Credit Card,971,96,3,12,3,No,No
T12985,C1643,2052.05,UPI,1428,37,10,1,10,No,No
T12986,C1089,561.86,Credit Card,34,94,12,2,6,No,No
T12987,C1344,876.01,Cash on Delivery,826,8,13,12,9,No,No
T12988,C1349,456.02,Cash on Delivery,1311,20,18,12,10,Yes,No
T12989,C1458,99.03,UPI,1437,32,13,9,5,No,No
T12990,C1262,1499.15,UPI,369,39,1,8,7,No,No
T12991,C1350,6518.86,Credit Card,1130,63,8,15,9,No,No
T12992,C1107,214.74,Credit Card,746,70,3,10,4,No,No
T12993,C1585,1158.94,Debit Card,1017,17,1,9,3,Yes,No
T12994,C1038,540.82,Debit Card,404,53,18,10,1,No,No
T12995,C1908,1847.34,Debit Card,1395,15,19,13,8,No,No
T12996,C1158,923.04,UPI,447,10,2,0,1,No,No
T12997,C1582,281.45,Debit Card,45,33,3,8,1,Yes,No
T12998,C1958,411.12,UPI,692,11,14,14,2,No,No
T12999,C1311,478.04,Cash on Delivery,577,98,4,8,2,Yes,No
T13000,C1240,4206.21,Net Banking,1213,97,18,6,1,No,No
T13001,C1937,3996.84,Cash on Delivery,364,35,15,8,10,No,No
T13002,C1444,803.24,UPI,554,8,5,11,10,Yes,No
T13003,C1297,3743.6,UPI,162,84,19,4,8,No,Yes
T13004,C1951,922.25,Net Banking,635,94,12,6,5,No,No
T13005,C1035,791.03,Credit Card,693,75,3,13,9,No,No
T13006,C1083,1161.09,Credit Card,246,59,20,10,0,No,No
T13007,C1451,1458.01,Credit Card,1033,61,11,12,4,No,Yes
T13008,C1885,629.27,Debit Card,1427,20,17,0,6,No,No
T13009,C1774,1120.88,Credit Card,1358,64,19,15,6,No,No
T13010,C1821,2409.86,Debit Card,1010,35,4,12,8,No,No
T13011,C1384,1248.3,Debit Card,841,57,10,15,0,No,No
T13012,C1171,1144.57,Credit Card,891,15,14,15,0,Yes,No
T13013,C1375,1797.55,Credit Card,1245,75,10,6,8,No,No
T13014,C1684,2136.03,Net Banking,1041,33,15,14,4,No,No
T13015,C1361,1030.07,Net Banking,1181,40,0,1,4,No,No
T13016,C1558,682.54,Debit Card,598,88,8,13,2,No,No
T13017,C1890,1325.05,Net Banking,1342,65,0,12,7,No,No
T13018,C1140,222.75,Debit Card,129,27,0,6,8,No,No
T13019,C1886,888.63,UPI,576,33,12,0,9,No,No
T13020,C1917,92.61,Debit Card,451,51,4,5,1,No,No
T13021,C1117,205.25,Debit Card,1260,57,18,6,1,No,No
T13022,C1276,176.59,Net Banking,680,16,3,3,7,No,Yes
T13023,C1725,3125.51,UPI,1306,54,8,0,5,No,No
T13024,C1219,1112.07,Cash on Delivery,1278,42,11,15,8,No,No
T13025,C1904,310.43,Cash on Delivery,506,37,6,13,9,Yes,No
T13026,C1025,1791.96,Cash on Delivery,251,85,11,11,7,No,No
T13027,C1520,2947.33,UPI,1019,63,2,15,9,No,No
T13028,C1782,1823.45,Credit Card,423,75,11,3,7,No,No
T13029,C1009,908.04,UPI,1126,49,5,10,7,No,No
T13030,C1983,1383.66,Net Banking,1030,82,7,8,0,No,Yes
T13031,C1377,2701.32,Debit Card,1201,78,8,15,3,No,No
T13032,C1632,685.92,Debit Card,850,39,8,4,5,No,No
T13033,C1636,1129.88,Net Banking,859,94,0,3,1,No,No
T13034,C1681,847.94,Net Banking,64,68,16,8,0,Yes,No
T13035,C1583,218.46,Debit Card,658,62,5,9,3,No,No
T13036,C1151,2742.34,Credit Card,87,36,17,4,9,No,No
T13037,C1719,8580.71,Credit Card,1063,6,1,7,3,No,No
T13038,C1048,457.7,Credit Card,1281,83,0,3,3,No,No
T13039,C1153,2871.76,Net Banking,265,14,14,1,9,No,No
T13040,C1858,472.49,Debit Card,254,79,7,14,9,No,No
T13041,C1292,1252.36,Debit Card,1278,86,0,2,1,No,No
T13042,C1579,4954.31,Debit Card,1161,91,15,14,6,No,No
T13043,C1049,651.68,UPI,873,62,19,2,4,Yes,No
T13044,C1663,1080.65,UPI,514,25,9,8,1,Yes,No
T13045,C1530,181.0,Cash on Delivery,136,10,16,12,4,No,No
T13046,C1611,564.42,UPI,1101,52,1,2,10,No,No
T13047,C1059,163.0,Credit Card,131,47,0,10,1,No,No
T13048,C1166,1684.42,Credit Card,1198,86,10,11,1,No,No
T13049,C1201,2519.05,Credit Card,1265,77,8,1,3,Yes,No
T13050,C1856,878.63,Credit Card,66,74,6,2,2,No,No
T13051,C1145,1459.56,Cash on Delivery,863,58,1,0,0,No,No
T13052,C1914,791.77,Credit Card,897,6,12,14,1,No,Yes
T13053,C1675,2299.73,Net Banking,1373,61,4,5,5,No,No
T13054,C1969,1248.21,Net Banking,1499,2,8,5,7,No,No
T13055,C1992,150.56,Net Banking,392,26,10,5,3,No,No
T13056,C1438,2807.31,UPI,408,30,11,6,3,Yes,Yes
T13057,C1241,742.82,Debit Card,824,97,15,3,8,No,No
T13058,C1580,307.85,Cash on Delivery,247,34,0,3,0,No,No
T13059,C1686,707.03,Net Banking,141,96,9,8,0,Yes,No
T13060,C1560,163.68,Net Banking,1136,22,7,10,4,No,No
T13061,C1482,314.23,Credit Card,747,64,3,15,0,No,No
T13062,C1107,1265.15,Net Banking,746,70,3,10,4,No,No
T13063,C1225,1375.69,Credit Card,398,12,11,10,6,No,No
T13064,C1672,1489.86,Credit Card,279,68,6,2,9,No,Yes
T13065,C1630,1100.16,Debit Card,464,49,9,8,2,No,No
T13066,C1660,548.47,UPI,1453,82,7,13,4,No,No
T13067,C1976,1038.51,Credit Card,798,60,10,2,10,No,No
T13068,C1661,708.25,Credit Card,733,37,19,7,6,No,No
T13069,C1431,215.77,Debit Card,85,39,7,14,2,No,No
T13070,C1804,506.53,Credit Card,652,21,19,4,6,No,No
T13071,C1654,2669.22,Cash on Delivery,1048,29,4,3,8,No,No
T13072,C1418,5368.45,UPI,1030,75,4,7,10,No,Yes
T13073,C1987,2103.33,Cash on Delivery,1117,21,4,8,10,No,No
T13074,C1454,5134.29,Net Banking,290,79,8,13,0,No,No
T13075,C1159,1194.39,UPI,1153,42,4,9,8,No,No
T13076,C1522,6262.76,Net Banking,973,99,11,10,9,No,No
T13077,C1649,8556.86,Credit Card,540,10,13,14,5,No,Yes
T13078,C1968,193.74,Debit Card,752,45,7,9,1,No,Yes
T13079,C1589,1368.53,Cash on Delivery,1113,60,0,10,8,No,No
T13080,C1076,1195.63,Net Banking,313,73,15,0,1,No,No
T13081,C1508,717.59,Credit Card,978,30,13,5,6,No,No
T13082,C1440,1793.48,Cash on Delivery,1249,4,9,2,9,No,No
T13083,C1253,1142.67,Cash on Delivery,1073,32,13,5,8,No,No
T13084,C1920,525.61,Net Banking,741,39,13,2,3,No,No
T13085,C1769,1067.84,Credit Card,1056,10,9,15,10,No,No
T13086,C1319,3657.72,Debit Card,250,77,5,5,8,No,Yes
T13087,C1802,1316.24,Net Banking,914,37,3,15,1,Yes,No
T13088,C1262,2052.79,Cash on Delivery,369,39,1,8,7,No,No
T13089,C1596,831.26,Cash on Delivery,1091,71,1,13,3,No,No
T13090,C1657,1723.42,UPI,506,68,1,2,9,No,No
T13091,C1834,327.27,Credit Card,878,77,4,11,7,No,No
T13092,C1553,665.33,UPI,522,40,12,14,1,No,Yes
T13093,C1373,989.63,Debit Card,893,2,8,6,2,No,No
T13094,C1636,306.02,Net Banking,859,94,0,3,1,No,No
T13095,C1166,478.08,Cash on Delivery,1198,86,10,11,1,No,No
T13096,C1936,1499.84,Credit Card,117,25,18,1,8,No,No
T13097,C1752,1248.67,Cash on Delivery,975,82,12,0,3,No,No
T13098,C1458,2456.19,UPI,1437,32,13,9,5,No,No
T13099,C1998,601.54,UPI,287,41,10,11,2,No,No
T13100,C1279,1161.66,Net Banking,355,83,12,2,7,No,No
T13101,C1699,560.11,Credit Card,1164,36,16,8,6,Yes,No
T13102,C1301,2221.92,Credit Card,580,24,19,9,1,No,No
T13103,C1530,3607.41,Net Banking,136,10,16,12,4,No,No
T13104,C1579,1778.14,UPI,1161,91,15,14,6,No,No
T13105,C1217,3169.07,UPI,1370,23,6,15,2,No,No
T13106,C1101,1132.86,UPI,250,22,15,0,8,No,No
T13107,C1553,2454.29,Cash on Delivery,522,40,12,14,1,Yes,No
T13108,C1287,1182.54,Debit Card,1170,17,18,7,5,No,No
T13109,C1166,393.5,UPI,1198,86,10,11,1,No,No
T13110,C1620,1403.5,Debit Card,230,4,4,4,1,Yes,No
T13111,C1035,405.33,Debit Card,693,75,3,13,9,No,No
T13112,C1743,11374.5,Credit Card,59,19,1,13,5,No,No
T13113,C1740,785.18,Net Banking,687,51,8,6,1,Yes,No
T13114,C1352,2090.25,Cash on Delivery,1170,58,4,12,1,No,No
T13115,C1675,1083.1,Debit Card,1373,61,4,5,5,Yes,No
T13116,C1898,319.38,Cash on Delivery,81,68,5,10,0,No,Yes
T13117,C1072,164.26,Credit Card,1295,27,6,1,0,No,Yes
T13118,C1647,2319.28,UPI,987,22,9,15,1,No,No
T13119,C1352,5163.35,Debit Card,1170,58,4,12,1,No,No
T13120,C1890,525.94,Net Banking,1342,65,0,12,7,No,Yes
T13121,C1069,209.2,Credit Card,488,48,11,0,3,Yes,No
T13122,C1424,792.22,Cash on Delivery,979,0,1,7,7,No,No
T13123,C1998,429.61,UPI,287,41,10,11,2,No,No
T13124,C1707,572.31,Cash on Delivery,906,21,12,5,3,No,No
T13125,C1780,2019.03,Net Banking,28,1,12,1,1,No,No
T13126,C1560,1042.67,Debit Card,1136,22,7,10,4,No,No
T13127,C1827,478.42,Net Banking,1279,36,17,0,4,No,Yes
T13128,C1641,1975.35,Cash on Delivery,121,20,2,15,6,No,No
T13129,C1955,2136.39,Cash on Delivery,1154,22,20,15,0,Yes,Yes
T13130,C1516,782.85,Net Banking,818,37,11,4,8,No,No
T13131,C1427,1258.8,Net Banking,783,51,4,3,3,No,Yes
T13132,C1538,1845.49,Net Banking,1266,31,6,14,7,Yes,No
T13133,C1159,1679.25,UPI,1153,42,4,9,8,No,No
T13134,C1148,1142.09,Cash on Delivery,146,48,3,6,1,No,Yes
T13135,C1775,4594.37,Credit Card,143,8,13,8,3,No,No
T13136,C1229,1963.89,UPI,822,6,17,8,8,No,Yes
T13137,C1711,698.77,UPI,1039,88,4,10,3,No,No
T13138,C1561,702.98,UPI,1199,74,12,11,4,No,No
T13139,C1066,627.61,Credit Card,215,79,12,7,5,No,No
T13140,C1811,2063.42,Net Banking,1127,37,16,9,4,No,No
T13141,C1380,588.31,Cash on Delivery,654,6,1,4,10,No,No
T13142,C1057,717.02,Debit Card,761,78,18,10,4,No,No
T13143,C1258,3159.04,Debit Card,35,88,11,4,4,No,No
T13144,C1341,1328.27,Cash on Delivery,1136,31,4,12,2,No,No
T13145,C1837,3635.61,Credit Card,1087,97,8,6,9,No,No
T13146,C1129,2435.87,Debit Card,1354,12,5,4,4,No,No
T13147,C1726,338.1,UPI,750,63,9,9,0,No,No
T13148,C1171,990.16,Debit Card,891,15,14,15,0,No,No
T13149,C1769,2951.15,Cash on Delivery,1056,10,9,15,10,No,No
T13150,C1613,323.06,UPI,1136,37,18,14,3,No,No
T13151,C1208,1668.55,Debit Card,34,34,6,5,3,Yes,No
T13152,C1802,1054.44,Cash on Delivery,914,37,3,15,1,No,No
T13153,C1353,189.66,Credit Card,478,98,18,1,4,No,No
T13154,C1470,1236.03,Cash on Delivery,1147,68,13,8,10,No,No
T13155,C1797,474.63,Credit Card,1358,27,16,10,1,Yes,No
T13156,C1115,341.16,UPI,798,45,3,4,8,No,Yes
T13157,C1263,1106.7,Cash on Delivery,833,29,6,13,8,No,No
T13158,C1661,159.04,Net Banking,733,37,19,7,6,Yes,No
T13159,C1811,558.75,Net Banking,1127,37,16,9,4,No,No
T13160,C1441,14061.2,Net Banking,580,53,17,2,8,No,No
T13161,C1547,2101.11,Net Banking,1335,59,15,13,0,No,No
T13162,C1452,454.22,Net Banking,987,90,2,9,1,No,No
T13163,C1844,4465.63,Credit Card,1228,37,9,5,2,Yes,No
T13164,C1476,406.65,Cash on Delivery,1270,1,16,3,6,No,No
T13165,C1286,630.37,UPI,1332,53,6,0,7,No,No
T13166,C1302,347.63,Net Banking,1478,83,13,13,7,No,No
T13167,C1310,1416.69,Net Banking,1165,33,20,13,5,No,No
T13168,C1207,4309.73,UPI,1327,61,6,2,6,No,No
T13169,C1617,403.83,UPI,1221,66,11,12,0,No,No
T13170,C1445,139.71,Net Banking,396,73,20,12,1,No,No
T13171,C1669,3264.84,Credit Card,1210,91,20,0,9,No,No
T13172,C1632,5186.43,UPI,850,39,8,4,5,No,No
T13173,C1054,149.15,Cash on Delivery,736,4,16,7,6,No,No
T13174,C1911,1737.24,Cash on Delivery,1204,93,20,3,5,Yes,No
T13175,C1011,1375.41,Credit Card,748,11,2,13,0,No,No
T13176,C1656,498.96,Debit Card,742,45,15,3,1,Yes,Yes
T13177,C1399,271.96,Credit Card,166,19,10,12,9,No,No
T13178,C1907,2956.47,Net Banking,720,14,1,13,9,No,No
T13179,C1647,1311.69,Debit Card,987,22,9,15,1,No,No
T13180,C1979,1414.35,Net Banking,1217,77,0,11,1,No,No
T13181,C1514,588.88,Cash on Delivery,1483,38,12,6,9,No,Yes
T13182,C1655,491.81,UPI,1392,33,15,0,9,No,No
T13183,C1541,94.16,Net Banking,384,49,10,8,9,No,No
T13184,C1236,873.03,Cash on Delivery,205,87,19,12,2,No,No
T13185,C1278,4623.13,Credit Card,938,31,18,9,8,No,Yes
T13186,C1347,450.22,Net Banking,1389,15,7,7,7,No,No
T13187,C1626,239.27,Cash on Delivery,1293,63,17,15,1,Yes,No
T13188,C1103,1695.38,UPI,954,100,7,10,10,Yes,No
T13189,C1629,2038.73,Net Banking,1073,90,11,8,4,No,No
T13190,C1516,610.39,Cash on Delivery,818,37,11,4,8,No,No
T13191,C1979,773.74,Net Banking,1217,77,0,11,1,No,No
T13192,C1871,1427.82,UPI,531,57,6,12,8,No,No
T13193,C1247,938.66,Net Banking,963,59,6,1,6,No,No
T13194,C1363,2981.34,Net Banking,1157,45,20,5,3,No,No
T13195,C1320,12547.07,Cash on Delivery,889,92,2,14,4,No,No
T13196,C1632,198.51,Debit Card,850,39,8,4,5,No,No
T13197,C1285,3750.92,Net Banking,1255,23,7,6,1,No,No
T13198,C1148,1218.36,Debit Card,146,48,3,6,1,No,No
T13199,C1083,4394.9,Credit Card,246,59,20,10,0,No,No
T13200,C1965,2262.79,Net Banking,1345,27,11,3,4,No,No
T13201,C1405,1165.79,Debit Card,1076,99,16,14,2,No,No
T13202,C1977,2344.96,Credit Card,991,54,20,3,8,No,No
T13203,C1455,739.4,Cash on Delivery,1192,35,7,15,0,Yes,No
T13204,C1742,505.58,Net Banking,836,98,2,8,6,Yes,No
T13205,C1799,2467.26,Cash on Delivery,623,35,1,11,8,Yes,No
T13206,C1160,471.38,Credit Card,1295,69,17,8,10,Yes,Yes
T13207,C1783,2084.68,Cash on Delivery,491,47,7,3,0,No,No
T13208,C1459,1130.88,Cash on Delivery,740,2,15,14,0,No,Yes
T13209,C1549,106.76,UPI,632,52,7,3,0,No,No
T13210,C1499,617.46,Credit Card,614,33,15,8,2,No,No
T13211,C1737,1532.78,Cash on Delivery,325,87,18,0,8,No,Yes
T13212,C1508,730.7,Debit Card,978,30,13,5,6,No,No
T13213,C1653,85.91,Credit Card,333,25,1,0,1,Yes,No
T13214,C1803,4108.24,UPI,226,16,12,4,5,Yes,No
T13215,C1480,1299.03,Net Banking,328,1,5,15,9,No,No
T13216,C1662,1709.13,Cash on Delivery,1466,27,13,10,0,No,No
T13217,C1113,683.16,Debit Card,181,43,20,5,7,No,No
T13218,C1748,1865.88,UPI,898,64,16,3,5,No,No
T13219,C1577,6869.32,Credit Card,1267,68,9,11,0,No,No
T13220,C1360,525.8,Cash on Delivery,382,59,20,2,10,No,Yes
T13221,C1340,5808.12,UPI,441,46,13,6,0,No,No
T13222,C1769,1633.64,UPI,1056,10,9,15,10,No,Yes
T13223,C1986,459.7,Debit Card,132,40,11,7,10,No,No
T13224,C1760,10020.52,Net Banking,1438,96,15,4,6,No,No
T13225,C1968,1622.36,Net Banking,752,45,7,9,1,Yes,No
T13226,C1448,2157.01,Net Banking,810,13,8,3,5,No,No
T13227,C1842,837.69,Credit Card,772,93,15,5,10,No,No
T13228,C1834,494.56,UPI,878,77,4,11,7,No,No
T13229,C1179,1297.01,Credit Card,1084,7,5,7,8,No,No
T13230,C1701,5331.9,UPI,842,7,11,14,0,No,No
T13231,C1406,804.6,Debit Card,1398,90,15,4,9,No,No
T13232,C1665,1067.69,Debit Card,361,22,2,6,10,No,No
T13233,C1195,4704.75,Credit Card,28,95,15,1,8,No,No
T13234,C1465,812.14,Credit Card,1326,46,0,12,7,No,No
T13235,C1310,1826.72,Debit Card,1165,33,20,13,5,No,No
T13236,C1261,2636.88,Cash on Delivery,77,68,15,4,10,No,Yes
T13237,C1418,900.74,Net Banking,1030,75,4,7,10,No,No
T13238,C1405,1494.93,Net Banking,1076,99,16,14,2,No,No
T13239,C1938,2124.1,Debit Card,466,42,3,7,1,No,No
T13240,C1142,734.42,Net Banking,934,46,9,1,2,No,Yes
T13241,C1341,2479.38,Cash on Delivery,1136,31,4,12,2,No,No
T13242,C1315,634.61,Cash on Delivery,667,78,13,7,10,No,No
T13243,C1100,558.31,UPI,1400,25,8,6,2,No,No
T13244,C1243,238.16,Credit Card,941,42,12,5,3,Yes,No
T13245,C1489,662.84,Net Banking,372,68,14,4,0,No,No
T13246,C1011,485.17,Cash on Delivery,748,11,2,13,0,No,No
T13247,C1238,734.45,Credit Card,355,95,15,15,7,No,No
T13248,C1560,2022.3,Credit Card,1136,22,7,10,4,No,No
T13249,C1041,195.26,UPI,1143,53,12,8,8,No,No
T13250,C1677,152.22,Credit Card,1329,56,17,6,3,Yes,No
T13251,C1593,518.49,Credit Card,1252,87,15,9,6,No,Yes
T13252,C1428,1739.29,Debit Card,1425,0,3,1,9,No,No
T13253,C1802,1463.91,UPI,914,37,3,15,1,No,No
T13254,C1157,510.27,UPI,588,96,0,12,7,No,No
T13255,C1215,3531.25,Net Banking,250,78,19,14,1,No,No
T13256,C1669,567.7,Credit Card,1210,91,20,0,9,No,No
T13257,C1461,1741.42,Net Banking,735,10,3,3,9,No,No
T13258,C1133,762.97,Cash on Delivery,651,87,7,3,0,No,No
T13259,C1066,460.0,Credit Card,215,79,12,7,5,No,No
T13260,C1847,598.8,Cash on Delivery,1219,98,11,0,6,No,No
T13261,C1006,2284.72,Debit Card,1209,55,14,2,8,No,No
T13262,C1947,1573.45,Credit Card,587,44,16,0,0,No,No
T13263,C1525,2887.37,Net Banking,724,76,0,15,3,No,No
T13264,C1072,1573.39,Net Banking,1295,27,6,1,0,Yes,No
T13265,C1398,218.95,Credit Card,756,96,12,14,9,No,No
T13266,C1404,9085.32,Net Banking,1299,61,6,2,8,No,No
T13267,C1674,1595.86,Credit Card,1222,41,13,0,7,No,Yes
T13268,C1577,1834.76,UPI,1267,68,9,11,0,No,Yes
T13269,C1858,752.32,Net Banking,254,79,7,14,9,No,No
T13270,C1129,3338.17,Credit Card,1354,12,5,4,4,No,No
T13271,C1930,367.56,Credit Card,1180,19,12,9,3,No,No
T13272,C1465,2017.93,Net Banking,1326,46,0,12,7,No,No
T13273,C1205,137.05,UPI,1252,45,19,7,0,No,No
T13274,C1787,2158.59,Net Banking,18,5,3,11,8,No,No
T13275,C1977,372.58,Credit Card,991,54,20,3,8,Yes,No
T13276,C1767,1446.63,UPI,1222,45,12,1,6,No,Yes
T13277,C1265,4261.35,Cash on Delivery,349,75,6,12,9,No,No
T13278,C1536,2496.68,Debit Card,982,77,11,1,5,No,No
T13279,C1961,3730.81,Net Banking,482,12,5,0,5,Yes,No
T13280,C1792,3363.87,Credit Card,904,42,3,8,0,No,No
T13281,C1252,649.18,UPI,207,14,9,1,10,No,No
T13282,C1821,1994.86,UPI,1010,35,4,12,8,No,No
T13283,C1288,195.41,Cash on Delivery,1176,49,13,13,9,No,No
T13284,C1163,551.73,Net Banking,934,62,20,0,6,No,No
T13285,C1094,4414.52,UPI,137,77,7,0,4,No,No
T13286,C1781,746.18,Cash on Delivery,1020,67,6,2,0,No,Yes
T13287,C1832,169.36,Credit Card,1353,80,4,6,1,No,No
T13288,C1109,8214.85,Cash on Delivery,392,8,9,0,2,No,No
T13289,C1335,1924.17,Net Banking,1414,27,4,14,8,No,No
T13290,C1821,2355.43,Cash on Delivery,1010,35,4,12,8,No,Yes
T13291,C1237,411.39,UPI,956,27,20,1,5,No,No
T13292,C1380,1456.89,UPI,654,6,1,4,10,No,No
T13293,C1435,1418.81,Debit Card,906,43,1,12,2,No,No
T13294,C1898,482.28,Cash on Delivery,81,68,5,10,0,No,No
T13295,C1482,925.36,Credit Card,747,64,3,15,0,No,No
T13296,C1936,244.58,Net Banking,117,25,18,1,8,No,No
T13297,C1901,775.33,Debit Card,1135,35,13,7,0,No,No
T13298,C1024,2904.01,Cash on Delivery,1265,99,7,14,5,No,No
T13299,C1652,519.65,Credit Card,580,87,10,9,3,No,No
T13300,C1116,7385.68,Debit Card,269,89,6,8,10,No,No
T13301,C1481,260.84,UPI,1239,82,17,12,3,Yes,No
T13302,C1391,845.41,Net Banking,1268,36,10,11,6,No,No
T13303,C1916,568.82,Cash on Delivery,1070,54,14,1,5,No,No
T13304,C1993,915.82,Credit Card,249,36,3,1,8,No,No
T13305,C1963,4322.01,UPI,1102,54,13,6,8,No,No
T13306,C1536,409.75,Debit Card,982,77,11,1,5,Yes,No
T13307,C1078,698.36,Net Banking,180,47,0,9,9,No,No
T13308,C1579,2110.13,Debit Card,1161,91,15,14,6,No,No
T13309,C1172,1203.7,Debit Card,579,58,18,13,2,No,No
T13310,C1955,1306.59,Credit Card,1154,22,20,15,0,No,No
T13311,C1011,417.68,UPI,748,11,2,13,0,No,No
T13312,C1799,1020.88,Cash on Delivery,623,35,1,11,8,Yes,Yes
T13313,C1127,3400.16,Credit Card,1317,38,5,2,3,No,No
T13314,C1607,219.31,Net Banking,1425,77,13,5,9,No,No
T13315,C1091,546.04,Debit Card,1284,48,15,3,4,No,No
T13316,C1652,178.48,Net Banking,580,87,10,9,3,Yes,No
T13317,C1542,1876.15,Credit Card,375,70,13,9,7,No,No
T13318,C1845,3734.88,Credit Card,911,23,17,6,6,No,No
T13319,C1531,912.87,Cash on Delivery,1328,0,8,0,9,No,No
T13320,C1657,401.21,Debit Card,506,68,1,2,9,No,No
T13321,C1988,413.13,Credit Card,861,26,12,1,6,No,No
T13322,C1827,814.8,Net Banking,1279,36,17,0,4,Yes,No
T13323,C1446,811.7,Cash on Delivery,1158,83,9,10,6,Yes,No
T13324,C1389,2729.39,Net Banking,793,56,20,2,5,No,No
T13325,C1671,561.79,Debit Card,913,2,1,14,6,No,No
T13326,C1860,1694.39,Cash on Delivery,1084,42,19,5,2,No,No
T13327,C1042,807.97,Cash on Delivery,855,20,18,0,7,Yes,No
T13328,C1253,520.74,Cash on Delivery,1073,32,13,5,8,Yes,No
T13329,C1129,788.1,UPI,1354,12,5,4,4,No,No
T13330,C1059,1535.39,Cash on Delivery,131,47,0,10,1,No,No
T13331,C1662,2737.86,Net Banking,1466,27,13,10,0,Yes,No
T13332,C1466,852.38,Net Banking,46,43,12,11,5,No,No
T13333,C1286,329.0,Debit Card,1332,53,6,0,7,No,No
T13334,C1516,2980.11,Credit Card,818,37,11,4,8,Yes,No
T13335,C1466,446.67,Credit Card,46,43,12,11,5,Yes,No
T13336,C1929,1423.43,UPI,1340,35,1,0,8,No,No
T13337,C1777,1069.74,Cash on Delivery,949,1,18,9,9,Yes,No
T13338,C1344,935.83,UPI,826,8,13,12,9,Yes,No
T13339,C1641,673.86,Debit Card,121,20,2,15,6,No,No
T13340,C1381,2038.87,Debit Card,1455,82,3,14,2,No,No
T13341,C1778,30.51,Credit Card,44,77,1,2,5,No,No
T13342,C1689,3416.84,Debit Card,496,28,11,0,6,Yes,No
T13343,C1252,440.32,Cash on Delivery,207,14,9,1,10,No,No
T13344,C1926,1649.05,Net Banking,1335,34,10,7,6,No,No
T13345,C1055,1564.04,Debit Card,1414,10,3,0,8,No,No
T13346,C1462,3924.43,UPI,457,57,5,9,2,Yes,No
T13347,C1456,1336.42,Cash on Delivery,1368,97,5,15,5,No,No
T13348,C1982,478.61,Debit Card,1142,56,16,12,4,No,No
T13349,C1082,220.36,Debit Card,859,28,17,9,2,No,No
T13350,C1904,773.71,Cash on Delivery,506,37,6,13,9,No,No
T13351,C1098,154.75,Debit Card,404,43,8,0,9,No,No
T13352,C1148,584.94,Net Banking,146,48,3,6,1,No,No
T13353,C1328,818.41,Credit Card,172,65,20,9,3,No,No
T13354,C1155,550.09,Cash on Delivery,232,68,18,9,7,No,No
T13355,C1189,1143.41,UPI,1429,44,18,7,10,No,No
T13356,C1493,866.01,Debit Card,307,52,20,3,3,No,No
T13357,C1882,790.22,Credit Card,1481,18,11,1,0,Yes,Yes
T13358,C1262,97.11,UPI,369,39,1,8,7,No,No
T13359,C1079,300.45,UPI,1004,72,4,13,5,No,No
T13360,C1399,2085.28,Net Banking,166,19,10,12,9,No,No
T13361,C1763,2451.01,Credit Card,685,87,18,8,8,No,Yes
T13362,C1608,174.38,Cash on Delivery,1005,0,6,5,2,No,No
T13363,C1259,485.55,Credit Card,819,5,12,9,7,No,No
T13364,C1771,3203.39,Credit Card,760,12,4,14,10,No,No
T13365,C1614,534.84,UPI,861,50,13,14,9,No,No
T13366,C1551,980.94,Net Banking,1066,71,4,9,3,No,No
T13367,C1784,4636.92,Net Banking,160,73,15,10,0,No,No
T13368,C1100,763.89,Credit Card,1400,25,8,6,2,No,No
T13369,C1358,662.01,Credit Card,1176,32,6,2,3,Yes,No
T13370,C1379,937.26,Debit Card,38,31,19,15,3,Yes,No
T13371,C1819,6998.22,UPI,1262,99,12,15,9,No,No
T13372,C1220,1713.34,Cash on Delivery,399,33,16,4,2,Yes,No
T13373,C1819,1117.76,Cash on Delivery,1262,99,12,15,9,Yes,Yes
T13374,C1419,649.13,Net Banking,242,58,14,15,7,No,No
T13375,C1123,1879.61,UPI,86,74,11,6,9,No,No
T13376,C1421,2121.12,Net Banking,1019,85,13,3,2,No,No
T13377,C1230,374.96,Cash on Delivery,902,41,7,2,4,No,No
T13378,C1689,2179.01,Credit Card,496,28,11,0,6,No,No
T13379,C1062,942.79,UPI,799,33,1,0,4,No,No
T13380,C1484,1124.17,UPI,82,90,12,6,7,No,Yes
T13381,C1627,452.92,Debit Card,1043,58,13,15,2,No,No
T13382,C1702,735.11,Credit Card,401,36,14,12,2,No,No
T13383,C1573,391.45,Credit Card,1109,50,11,8,7,No,No
T13384,C1767,373.08,Net Banking,1222,45,12,1,6,No,No
T13385,C1482,1598.93,UPI,747,64,3,15,0,No,No
T13386,C1518,768.84,Net Banking,1293,97,7,8,2,No,No
T13387,C1154,298.98,Credit Card,392,51,10,7,1,No,No
T13388,C1091,9672.6,Debit Card,1284,48,15,3,4,No,No
T13389,C1981,356.15,UPI,916,38,14,10,0,No,No
T13390,C1525,3268.55,Credit Card,724,76,0,15,3,No,No
T13391,C1454,250.52,Debit Card,290,79,8,13,0,No,Yes
T13392,C1740,1731.08,Cash on Delivery,687,51,8,6,1,No,No
T13393,C1597,853.58,Credit Card,1275,95,19,0,0,No,No
T13394,C1644,584.61,Cash on Delivery,773,40,12,15,0,No,No
T13395,C1509,1335.07,Net Banking,1481,69,10,10,8,No,No
T13396,C1182,1167.08,Cash on Delivery,789,90,18,8,9,No,No
T13397,C1385,486.64,Credit Card,448,39,2,7,9,No,Yes
T13398,C1573,465.1,Cash on Delivery,1109,50,11,8,7,No,No
T13399,C1730,227.26,UPI,309,39,1,9,5,No,No
T13400,C1404,1488.56,Credit Card,1299,61,6,2,8,No,No
T13401,C1245,313.0,Debit Card,368,94,18,5,0,Yes,No
T13402,C1741,1101.0,Cash on Delivery,1090,8,7,9,5,No,No
T13403,C1590,1983.22,UPI,730,77,14,10,5,No,No
T13404,C1660,1350.26,Net Banking,1453,82,7,13,4,No,No
T13405,C1649,532.12,Net Banking,540,10,13,14,5,No,No
T13406,C1470,2721.16,Cash on Delivery,1147,68,13,8,10,No,No
T13407,C1825,729.26,Net Banking,1200,80,10,6,0,No,No
T13408,C1887,288.83,Debit Card,1404,16,5,2,6,No,No
T13409,C1422,825.73,Credit Card,692,14,15,6,0,No,No
T13410,C1900,1971.99,UPI,107,75,19,2,1,No,No
T13411,C1064,558.68,Cash on Delivery,723,61,14,13,5,No,No
T13412,C1012,2639.07,Net Banking,51,91,7,0,8,No,No
T13413,C1212,507.59,Credit Card,606,67,11,4,2,No,No
T13414,C1985,581.6,Debit Card,483,33,12,1,0,No,No
T13415,C1241,385.26,Net Banking,824,97,15,3,8,No,No
T13416,C1492,2172.66,Net Banking,110,16,17,7,2,No,No
T13417,C1212,1039.77,UPI,606,67,11,4,2,No,No
T13418,C1692,411.68,Debit Card,1269,72,20,5,5,No,No
T13419,C1337,737.89,Debit Card,52,9,8,0,8,No,No
T13420,C1996,50.85,Cash on Delivery,1167,8,11,14,9,No,No
T13421,C1172,2387.43,UPI,579,58,18,13,2,No,No
T13422,C1671,924.5,Cash on Delivery,913,2,1,14,6,No,No
T13423,C1163,98.87,UPI,934,62,20,0,6,No,No
T13424,C1464,255.52,Debit Card,979,17,7,3,1,No,No
T13425,C1994,719.39,UPI,703,65,0,7,9,No,Yes
T13426,C1496,294.66,UPI,185,30,2,2,6,No,Yes
T13427,C1699,2424.42,UPI,1164,36,16,8,6,No,No
T13428,C1394,1666.65,Credit Card,643,73,20,0,4,No,No
T13429,C1702,1571.11,Credit Card,401,36,14,12,2,No,Yes
T13430,C1916,81.1,Debit Card,1070,54,14,1,5,No,No
T13431,C1307,648.42,UPI,621,12,6,11,2,No,No
T13432,C1767,545.87,Debit Card,1222,45,12,1,6,No,No
T13433,C1182,422.4,Credit Card,789,90,18,8,9,Yes,No
T13434,C1628,724.02,UPI,354,66,7,3,2,No,No
T13435,C1793,355.58,Cash on Delivery,755,18,19,10,7,No,No
T13436,C1509,1359.97,Credit Card,1481,69,10,10,8,No,No
T13437,C1707,2360.32,Credit Card,906,21,12,5,3,No,No
T13438,C1545,2165.45,Credit Card,1405,50,1,14,0,No,No
T13439,C1563,955.36,UPI,734,19,13,2,7,No,No
T13440,C1623,8096.93,Net Banking,1196,9,3,14,3,No,No
T13441,C1763,3428.83,Cash on Delivery,685,87,18,8,8,No,No
T13442,C1593,990.73,Cash on Delivery,1252,87,15,9,6,No,No
T13443,C1743,677.04,Debit Card,59,19,1,13,5,No,No
T13444,C1226,4179.84,UPI,131,96,10,14,10,No,No
T13445,C1744,3003.64,Credit Card,731,82,0,14,10,No,No
T13446,C1732,267.62,Net Banking,293,43,19,7,1,No,No
T13447,C1435,3248.09,UPI,906,43,1,12,2,No,No
T13448,C1924,939.76,UPI,79,6,9,10,4,Yes,No
T13449,C1421,463.63,Net Banking,1019,85,13,3,2,No,No
T13450,C1553,151.53,Credit Card,522,40,12,14,1,No,No
T13451,C1020,838.06,UPI,1254,53,2,9,0,No,No
T13452,C1553,1083.31,Cash on Delivery,522,40,12,14,1,No,No
T13453,C1396,5363.26,Cash on Delivery,721,54,19,15,5,No,No
T13454,C1624,2856.16,Net Banking,1384,7,6,10,8,No,No
T13455,C1104,612.23,Credit Card,278,7,10,2,5,No,No
T13456,C1191,1618.64,Net Banking,271,99,6,15,2,No,No
T13457,C1016,2505.51,UPI,635,48,18,5,9,No,No
T13458,C1119,1195.07,Cash on Delivery,553,13,15,0,8,No,No
T13459,C1392,609.63,Debit Card,226,86,11,9,10,No,No
T13460,C1424,644.08,Net Banking,979,0,1,7,7,Yes,No
T13461,C1128,1612.39,Debit Card,1055,81,13,11,0,No,No
T13462,C1129,1657.36,Debit Card,1354,12,5,4,4,No,No
T13463,C1571,818.15,Cash on Delivery,1237,67,0,5,1,No,No
T13464,C1559,79.91,Net Banking,113,41,11,5,7,Yes,No
T13465,C1028,301.71,Debit Card,1464,6,9,15,6,No,No
T13466,C1096,2037.93,UPI,754,73,0,5,8,No,No
T13467,C1009,130.21,Credit Card,1126,49,5,10,7,Yes,No
T13468,C1241,3583.81,Credit Card,824,97,15,3,8,Yes,No
T13469,C1825,3090.71,Cash on Delivery,1200,80,10,6,0,No,No
T13470,C1955,1142.64,Net Banking,1154,22,20,15,0,No,No
T13471,C1231,1994.07,Net Banking,945,37,6,9,6,Yes,No
T13472,C1788,1860.82,Credit Card,1127,86,11,15,10,No,No
T13473,C1283,975.67,UPI,559,34,2,7,0,No,No
T13474,C1714,277.58,Credit Card,1316,49,2,4,4,No,No
T13475,C1758,2884.98,Credit Card,353,67,8,14,5,No,No
T13476,C1801,4479.34,Net Banking,17,53,6,7,2,No,No
T13477,C1775,327.47,Debit Card,143,8,13,8,3,Yes,No
T13478,C1954,267.4,UPI,835,21,3,12,9,No,No
T13479,C1725,956.43,Net Banking,1306,54,8,0,5,No,No
T13480,C1199,586.27,Credit Card,977,45,8,5,4,No,No
T13481,C1944,1267.69,Debit Card,1296,99,15,3,4,No,No
T13482,C1078,3670.17,UPI,180,47,0,9,9,No,Yes
T13483,C1912,116.09,Cash on Delivery,933,52,16,12,1,No,No
T13484,C1955,5330.88,UPI,1154,22,20,15,0,No,No
T13485,C1854,730.21,UPI,622,90,16,7,2,No,No
T13486,C1855,1829.47,Credit Card,925,40,20,2,7,No,No
T13487,C1172,2035.97,Credit Card,579,58,18,13,2,No,No
T13488,C1466,2287.79,Cash on Delivery,46,43,12,11,5,Yes,No
T13489,C1580,1166.67,Cash on Delivery,247,34,0,3,0,No,No
T13490,C1415,1473.74,Cash on Delivery,1328,4,4,8,10,No,No
T13491,C1939,1464.14,Net Banking,184,98,18,8,10,Yes,No
T13492,C1448,583.89,Net Banking,810,13,8,3,5,No,No
T13493,C1086,189.04,Credit Card,33,47,15,4,10,No,No
T13494,C1100,324.02,Credit Card,1400,25,8,6,2,No,No
T13495,C1007,988.08,Cash on Delivery,460,44,11,7,3,No,No
T13496,C1844,499.29,Net Banking,1228,37,9,5,2,No,No
T13497,C1199,500.45,Debit Card,977,45,8,5,4,No,No
T13498,C1504,6629.28,Net Banking,652,47,6,4,9,No,No
T13499,C1086,2588.66,Credit Card,33,47,15,4,10,No,No
T13500,C1042,852.29,Net Banking,855,20,18,0,7,No,No
T13501,C1384,2147.45,Credit Card,841,57,10,15,0,No,No
T13502,C1620,720.35,Cash on Delivery,230,4,4,4,1,No,No
T13503,C1434,1225.03,Cash on Delivery,754,59,0,3,1,No,No
T13504,C1407,1705.53,Cash on Delivery,1387,18,13,13,3,No,No
T13505,C1482,722.27,Debit Card,747,64,3,15,0,No,No
T13506,C1663,552.66,Debit Card,514,25,9,8,1,No,No
T13507,C1016,3729.14,Credit Card,635,48,18,5,9,No,No
T13508,C1644,2026.6,UPI,773,40,12,15,0,No,Yes
T13509,C1147,115.05,Debit Card,355,69,14,2,10,No,No
T13510,C1276,562.2,Credit Card,680,16,3,3,7,No,Yes
T13511,C1231,502.06,Net Banking,945,37,6,9,6,No,No
T13512,C1825,589.26,Cash on Delivery,1200,80,10,6,0,No,Yes
T13513,C1926,2597.75,Cash on Delivery,1335,34,10,7,6,No,No
T13514,C1365,1117.9,Cash on Delivery,275,64,0,8,9,No,No
T13515,C1227,273.25,Credit Card,605,70,20,6,1,No,No
T13516,C1650,747.54,Cash on Delivery,2,70,15,13,7,No,No
T13517,C1435,1885.1,Debit Card,906,43,1,12,2,No,No
T13518,C1398,880.38,Net Banking,756,96,12,14,9,No,No
T13519,C1210,575.55,Cash on Delivery,362,41,12,9,1,No,No
T13520,C1390,1527.24,Credit Card,784,70,4,6,5,No,No
T13521,C1498,5531.38,Net Banking,31,10,19,12,10,No,No
T13522,C1539,1739.62,Cash on Delivery,1075,70,17,10,9,No,No
T13523,C1562,4027.66,UPI,1326,32,4,13,4,No,Yes
T13524,C1490,615.47,Cash on Delivery,1289,37,7,3,6,No,No
T13525,C1441,1087.5,Debit Card,580,53,17,2,8,No,No
T13526,C1260,1065.76,Net Banking,199,30,7,9,6,No,No
T13527,C1772,1234.82,Debit Card,871,63,12,4,10,No,Yes
T13528,C1349,1703.64,UPI,1311,20,18,12,10,No,No
T13529,C1351,437.48,UPI,1037,65,4,1,8,No,No
T13530,C1519,2095.05,Debit Card,797,39,15,9,8,No,No
T13531,C1319,215.32,Net Banking,250,77,5,5,8,No,No
T13532,C1137,288.37,UPI,567,78,19,10,1,No,No
T13533,C1549,9280.09,UPI,632,52,7,3,0,Yes,No
T13534,C1622,658.44,Cash on Delivery,8,88,13,14,4,No,No
T13535,C1991,2274.51,Credit Card,1000,30,20,8,5,No,No
T13536,C1367,5992.66,UPI,44,22,6,3,0,Yes,No
T13537,C1219,108.37,Net Banking,1278,42,11,15,8,Yes,No
T13538,C1336,3382.08,Net Banking,248,3,10,13,10,Yes,No
T13539,C1222,2098.43,Cash on Delivery,1200,60,16,6,4,No,No
T13540,C1647,5655.58,Net Banking,987,22,9,15,1,Yes,No
T13541,C1767,336.46,Cash on Delivery,1222,45,12,1,6,No,No
T13542,C1359,4680.94,UPI,57,86,17,3,7,No,No
T13543,C1920,523.53,UPI,741,39,13,2,3,No,No
T13544,C1328,3148.8,UPI,172,65,20,9,3,Yes,No
T13545,C1961,1057.83,UPI,482,12,5,0,5,No,No
T13546,C1462,2370.29,Credit Card,457,57,5,9,2,No,Yes
T13547,C1945,1151.56,Credit Card,503,77,19,11,4,No,No
T13548,C1962,174.27,UPI,980,56,11,15,5,No,No
T13549,C1560,48.4,Net Banking,1136,22,7,10,4,No,No
T13550,C1803,1352.78,Cash on Delivery,226,16,12,4,5,No,No
T13551,C1381,842.41,Debit Card,1455,82,3,14,2,No,No
T13552,C1835,1633.08,Cash on Delivery,741,16,13,0,5,No,No
T13553,C1589,852.22,Debit Card,1113,60,0,10,8,No,No
T13554,C1616,8250.9,Debit Card,518,99,6,3,2,No,No
T13555,C1168,1380.96,UPI,573,72,15,4,8,No,No
T13556,C1216,701.38,Debit Card,147,29,15,10,5,No,No
T13557,C1377,1536.65,UPI,1201,78,8,15,3,Yes,No
T13558,C1118,714.32,Credit Card,1301,27,16,1,9,No,No
T13559,C1189,1203.43,Net Banking,1429,44,18,7,10,No,No
T13560,C1766,324.58,Debit Card,1307,39,17,2,8,Yes,No
T13561,C1369,1087.26,Net Banking,318,88,18,7,3,No,No
T13562,C1777,680.04,UPI,949,1,18,9,9,No,No
T13563,C1148,356.83,Debit Card,146,48,3,6,1,No,No
T13564,C1675,7908.84,Cash on Delivery,1373,61,4,5,5,No,No
T13565,C1651,371.02,Credit Card,1236,30,16,10,1,No,No
T13566,C1858,1104.3,Credit Card,254,79,7,14,9,No,No
T13567,C1487,491.37,Debit Card,1100,48,10,15,2,No,No
T13568,C1769,1475.92,Credit Card,1056,10,9,15,10,No,No
T13569,C1373,306.62,Cash on Delivery,893,2,8,6,2,No,No
T13570,C1780,2541.11,Net Banking,28,1,12,1,1,No,No
T13571,C1692,8401.42,Cash on Delivery,1269,72,20,5,5,No,No
T13572,C1159,473.65,Credit Card,1153,42,4,9,8,No,No
T13573,C1350,3703.26,Net Banking,1130,63,8,15,9,No,No
T13574,C1911,748.54,Cash on Delivery,1204,93,20,3,5,No,No
T13575,C1287,4943.31,UPI,1170,17,18,7,5,No,No
T13576,C1287,9783.95,UPI,1170,17,18,7,5,No,Yes
T13577,C1891,868.09,Net Banking,653,50,10,8,9,No,No
T13578,C1225,239.78,Net Banking,398,12,11,10,6,No,No
T13579,C1522,2830.15,Net Banking,973,99,11,10,9,No,No
T13580,C1521,1372.54,UPI,1013,88,12,0,2,No,No
T13581,C1782,1811.28,Cash on Delivery,423,75,11,3,7,No,No
T13582,C1272,780.67,Net Banking,1293,64,18,13,5,No,No
T13583,C1935,452.83,UPI,854,89,20,14,10,No,No
T13584,C1401,3499.4,Net Banking,1242,39,20,6,8,No,No
T13585,C1182,1509.89,Net Banking,789,90,18,8,9,No,No
T13586,C1968,258.9,Net Banking,752,45,7,9,1,No,No
T13587,C1664,2179.55,UPI,895,60,1,11,10,No,No
T13588,C1487,1783.21,Cash on Delivery,1100,48,10,15,2,No,Yes
T13589,C1826,792.11,UPI,684,14,18,2,4,No,No
T13590,C1845,5540.35,UPI,911,23,17,6,6,No,No
T13591,C1123,591.01,Net Banking,86,74,11,6,9,No,No
T13592,C1984,926.13,Debit Card,843,66,1,11,10,Yes,Yes
T13593,C1625,2365.27,Debit Card,195,11,6,8,8,No,No
T13594,C1789,1184.13,Debit Card,672,4,15,8,9,No,No
T13595,C1413,274.67,UPI,905,12,8,12,6,No,No
T13596,C1979,1317.91,Net Banking,1217,77,0,11,1,No,No
T13597,C1724,724.59,Debit Card,1493,74,13,14,6,No,No
T13598,C1171,2583.75,Credit Card,891,15,14,15,0,No,No
T13599,C1287,1275.66,Credit Card,1170,17,18,7,5,No,No
T13600,C1434,1205.33,Credit Card,754,59,0,3,1,Yes,Yes
T13601,C1685,384.43,Cash on Delivery,443,100,20,1,6,No,No
T13602,C1112,871.29,Net Banking,1056,16,13,2,0,Yes,No
T13603,C1887,2893.15,UPI,1404,16,5,2,6,No,No
T13604,C1916,504.45,UPI,1070,54,14,1,5,No,No
T13605,C1994,1061.51,Net Banking,703,65,0,7,9,No,No
T13606,C1121,429.9,Cash on Delivery,275,25,17,3,0,No,No
T13607,C1543,335.68,Net Banking,206,79,16,2,8,Yes,No
T13608,C1221,1007.41,Cash on Delivery,1358,22,0,15,0,No,Yes
T13609,C1630,1304.79,Debit Card,464,49,9,8,2,No,No
T13610,C1038,8053.51,Debit Card,404,53,18,10,1,No,No
T13611,C1496,695.44,Cash on Delivery,185,30,2,2,6,No,No
T13612,C1779,1042.97,Net Banking,32,12,7,4,8,Yes,No
T13613,C1232,314.17,Debit Card,1431,51,13,6,3,No,No
T13614,C1942,2022.8,Net Banking,75,75,15,12,9,No,No
T13615,C1529,1632.87,Debit Card,1038,97,20,6,6,No,Yes
T13616,C1148,4858.06,Net Banking,146,48,3,6,1,No,No
T13617,C1396,3332.98,Net Banking,721,54,19,15,5,No,Yes
T13618,C1660,1558.39,Credit Card,1453,82,7,13,4,No,No
T13619,C1637,685.35,Cash on Delivery,571,76,19,12,5,No,No
T13620,C1903,1345.7,UPI,1238,54,14,8,2,No,No
T13621,C1301,981.41,Cash on Delivery,580,24,19,9,1,No,No
T13622,C1359,2845.23,Net Banking,57,86,17,3,7,No,No
T13623,C1237,2505.47,Net Banking,956,27,20,1,5,No,No
T13624,C1646,815.32,Cash on Delivery,1138,8,7,0,2,No,No
T13625,C1662,254.17,Net Banking,1466,27,13,10,0,No,No
T13626,C1235,4160.49,Debit Card,1044,12,8,2,0,No,No
T13627,C1735,1962.3,Net Banking,251,78,17,5,7,Yes,Yes
T13628,C1202,796.73,Cash on Delivery,856,87,2,14,5,No,No
T13629,C1255,1887.24,Cash on Delivery,129,52,11,11,0,No,No
T13630,C1597,1181.88,Cash on Delivery,1275,95,19,0,0,No,No
T13631,C1661,4099.49,Credit Card,733,37,19,7,6,No,Yes
T13632,C1234,159.21,Credit Card,334,63,11,9,7,No,No
T13633,C1344,737.16,Credit Card,826,8,13,12,9,No,No
T13634,C1533,5426.53,Credit Card,792,29,14,4,10,No,No
T13635,C1859,1926.0,Credit Card,283,82,18,3,6,No,No
T13636,C1796,6454.98,Credit Card,239,42,16,0,9,No,No
T13637,C1780,323.17,Credit Card,28,1,12,1,1,No,No
T13638,C1465,3204.13,Cash on Delivery,1326,46,0,12,7,No,No
T13639,C1769,3017.62,UPI,1056,10,9,15,10,No,No
T13640,C1540,204.03,Credit Card,744,71,13,1,3,No,No
T13641,C1212,816.07,Cash on Delivery,606,67,11,4,2,No,No
T13642,C1462,985.82,UPI,457,57,5,9,2,No,No
T13643,C1435,217.12,Credit Card,906,43,1,12,2,Yes,No
T13644,C1282,833.3,UPI,1353,33,4,0,8,Yes,No
T13645,C1561,2625.91,UPI,1199,74,12,11,4,No,No
T13646,C1606,741.8,Debit Card,1130,7,13,4,8,Yes,No
T13647,C1462,1397.07,Net Banking,457,57,5,9,2,No,Yes
T13648,C1406,1407.22,Debit Card,1398,90,15,4,9,No,Yes
T13649,C1087,1083.4,UPI,1460,22,1,12,0,No,No
T13650,C1043,541.76,Cash on Delivery,1215,94,16,4,2,No,No
T13651,C1460,2119.24,Credit Card,588,86,15,14,10,Yes,No
T13652,C1277,224.3,Net Banking,839,71,17,1,7,No,Yes
T13653,C1682,1106.09,Credit Card,330,58,8,1,5,No,No
T13654,C1420,4382.99,Cash on Delivery,162,76,6,12,9,No,No
T13655,C1700,701.08,Net Banking,393,61,7,7,2,No,No
T13656,C1352,529.89,Debit Card,1170,58,4,12,1,No,No
T13657,C1695,2265.42,UPI,599,3,7,5,4,No,Yes
T13658,C1514,1291.33,Cash on Delivery,1483,38,12,6,9,Yes,No
T13659,C1702,2311.03,UPI,401,36,14,12,2,Yes,Yes
T13660,C1629,1139.68,UPI,1073,90,11,8,4,No,No
T13661,C1018,100.66,Credit Card,740,59,9,9,7,No,No
T13662,C1022,3568.55,Cash on Delivery,108,48,18,1,10,No,No
T13663,C1412,8690.85,UPI,1113,9,1,14,9,No,No
T13664,C1029,3960.17,Debit Card,689,71,1,12,8,No,No
T13665,C1806,31.85,Net Banking,674,44,2,0,2,No,Yes
T13666,C1107,1721.74,Cash on Delivery,746,70,3,10,4,No,No
T13667,C1366,687.63,Credit Card,1101,41,6,14,7,Yes,No
T13668,C1280,370.83,Cash on Delivery,578,50,3,6,2,No,No
T13669,C1127,1239.83,Credit Card,1317,38,5,2,3,No,No
T13670,C1228,944.88,Net Banking,892,95,10,12,10,No,No
T13671,C1110,1823.76,Debit Card,969,2,12,9,1,No,No
T13672,C1135,1160.47,UPI,1106,71,13,1,6,Yes,No
T13673,C1361,357.52,Cash on Delivery,1181,40,0,1,4,No,No
T13674,C1185,616.09,Credit Card,461,57,4,14,4,No,No
T13675,C1655,524.29,Net Banking,1392,33,15,0,9,No,Yes
T13676,C1583,197.06,UPI,658,62,5,9,3,No,No
T13677,C1128,278.2,Net Banking,1055,81,13,11,0,No,No
T13678,C1875,887.96,Debit Card,1247,9,8,1,3,No,No
T13679,C1260,4553.97,UPI,199,30,7,9,6,No,No
T13680,C1514,641.91,UPI,1483,38,12,6,9,No,No
T13681,C1448,514.18,UPI,810,13,8,3,5,Yes,Yes
T13682,C1899,336.54,Credit Card,402,55,20,11,2,No,No
T13683,C1103,1130.64,UPI,954,100,7,10,10,Yes,No
T13684,C1482,3566.21,Net Banking,747,64,3,15,0,No,Yes
T13685,C1223,8124.85,Credit Card,125,94,1,15,0,No,No
T13686,C1831,1458.84,UPI,192,21,18,9,4,No,No
T13687,C1873,1261.42,Net Banking,1052,86,2,3,5,No,No
T13688,C1865,636.85,Net Banking,531,55,20,1,3,Yes,No
T13689,C1490,752.52,Cash on Delivery,1289,37,7,3,6,No,No
T13690,C1472,2057.35,Net Banking,950,28,6,9,5,No,No
T13691,C1009,800.41,Debit Card,1126,49,5,10,7,No,No
T13692,C1404,932.36,UPI,1299,61,6,2,8,No,Yes
T13693,C1895,1069.19,UPI,42,9,15,0,6,Yes,No
T13694,C1301,607.39,UPI,580,24,19,9,1,No,No
T13695,C1230,1017.42,Net Banking,902,41,7,2,4,No,No
T13696,C1730,145.56,Net Banking,309,39,1,9,5,No,No
T13697,C1922,1898.53,UPI,82,9,20,3,10,No,No
T13698,C1065,11519.22,Credit Card,1044,1,16,14,7,No,No
T13699,C1936,631.41,Credit Card,117,25,18,1,8,No,No
T13700,C1111,1593.74,Debit Card,143,77,19,12,7,No,No
T13701,C1012,2569.78,Cash on Delivery,51,91,7,0,8,No,Yes
T13702,C1392,3945.04,Debit Card,226,86,11,9,10,No,No
T13703,C1499,841.91,UPI,614,33,15,8,2,Yes,No
T13704,C1931,180.67,UPI,888,48,2,5,3,No,No
T13705,C1597,1432.58,UPI,1275,95,19,0,0,Yes,No
T13706,C1233,1247.17,Cash on Delivery,732,43,15,12,0,No,No
T13707,C1601,776.14,Net Banking,872,88,10,6,2,Yes,No
T13708,C1313,959.57,Cash on Delivery,199,24,4,10,2,No,No
T13709,C1565,1266.08,Debit Card,1195,89,10,9,1,No,No
T13710,C1011,1574.61,Net Banking,748,11,2,13,0,No,No
T13711,C1208,1509.92,Net Banking,34,34,6,5,3,No,Yes
T13712,C1973,882.11,Debit Card,835,74,2,5,10,No,No
T13713,C1013,1610.47,Net Banking,309,11,6,5,5,No,No
T13714,C1632,824.66,Credit Card,850,39,8,4,5,Yes,No
T13715,C1417,2083.96,Debit Card,1162,58,12,13,6,No,No
T13716,C1436,585.55,Debit Card,713,5,12,8,0,No,No
T13717,C1376,1179.75,Credit Card,1334,98,5,9,2,No,Yes
T13718,C1019,216.21,Cash on Delivery,1094,51,11,11,1,No,No
T13719,C1586,757.55,Cash on Delivery,554,25,17,1,4,No,No
T13720,C1911,1934.28,Cash on Delivery,1204,93,20,3,5,No,No
T13721,C1754,390.05,Net Banking,917,89,10,2,1,No,No
T13722,C1734,796.24,Credit Card,245,1,12,13,7,No,Yes
T13723,C1069,98.98,Debit Card,488,48,11,0,3,No,No
T13724,C1823,279.2,Debit Card,590,89,14,5,10,Yes,No
T13725,C1210,362.68,Debit Card,362,41,12,9,1,No,No
T13726,C1100,1214.09,Net Banking,1400,25,8,6,2,No,No
T13727,C1697,1530.59,Net Banking,870,19,18,2,9,No,No
T13728,C1131,1036.85,Cash on Delivery,622,49,19,13,7,No,No
T13729,C1622,748.0,Net Banking,8,88,13,14,4,Yes,No
T13730,C1380,750.62,Cash on Delivery,654,6,1,4,10,No,No
T13731,C1131,2244.07,Cash on Delivery,622,49,19,13,7,No,No
T13732,C1019,1356.71,Debit Card,1094,51,11,11,1,No,No
T13733,C1905,785.29,Net Banking,1145,72,6,3,7,No,No
T13734,C1535,3997.0,Cash on Delivery,705,17,20,1,10,No,No
T13735,C1226,7707.7,Credit Card,131,96,10,14,10,No,No
T13736,C1153,315.53,Credit Card,265,14,14,1,9,Yes,No
T13737,C1804,1849.2,Net Banking,652,21,19,4,6,No,No
T13738,C1741,24098.13,Debit Card,1090,8,7,9,5,No,No
T13739,C1468,1451.29,Debit Card,1384,58,17,8,6,No,No
T13740,C1821,1230.83,Cash on Delivery,1010,35,4,12,8,No,No
T13741,C1999,1037.19,Net Banking,277,35,4,7,3,Yes,No
T13742,C1870,1790.38,Credit Card,1480,23,14,13,8,No,No
T13743,C1404,2332.97,Cash on Delivery,1299,61,6,2,8,No,No
T13744,C1201,315.84,Cash on Delivery,1265,77,8,1,3,Yes,No
T13745,C1037,1067.97,UPI,1170,7,15,2,3,No,No
T13746,C1941,113.35,Net Banking,1190,98,0,9,9,No,Yes
T13747,C1771,889.52,Cash on Delivery,760,12,4,14,10,No,No
T13748,C1187,444.66,Credit Card,233,31,5,13,4,No,No
T13749,C1056,1539.45,UPI,502,28,19,7,3,No,No
T13750,C1940,209.27,Credit Card,660,42,14,14,5,No,No
T13751,C1019,657.0,Debit Card,1094,51,11,11,1,No,No
T13752,C1272,2882.88,UPI,1293,64,18,13,5,No,No
T13753,C1118,557.61,UPI,1301,27,16,1,9,Yes,No
T13754,C1582,163.21,Cash on Delivery,45,33,3,8,1,Yes,No
T13755,C1515,1418.75,Debit Card,586,65,14,14,4,No,No
T13756,C1220,610.01,Cash on Delivery,399,33,16,4,2,No,No
T13757,C1525,910.61,Net Banking,724,76,0,15,3,No,No
T13758,C1514,528.55,Credit Card,1483,38,12,6,9,No,Yes
T13759,C1727,7898.25,Credit Card,1188,64,6,5,8,Yes,No
T13760,C1740,230.89,Cash on Delivery,687,51,8,6,1,No,No
T13761,C1335,18648.03,Credit Card,1414,27,4,14,8,No,No
T13762,C1697,742.01,Credit Card,870,19,18,2,9,No,Yes
T13763,C1054,1317.44,Net Banking,736,4,16,7,6,No,No
T13764,C1499,617.21,Debit Card,614,33,15,8,2,No,No
T13765,C1899,591.92,UPI,402,55,20,11,2,No,No
T13766,C1887,500.28,Cash on Delivery,1404,16,5,2,6,No,No
T13767,C1765,2000.71,Cash on Delivery,1322,49,15,12,4,No,No
T13768,C1535,267.52,Net Banking,705,17,20,1,10,No,Yes
T13769,C1161,1578.31,Net Banking,1113,22,11,0,6,Yes,No
T13770,C1669,123.41,UPI,1210,91,20,0,9,No,No
T13771,C1593,1441.63,Debit Card,1252,87,15,9,6,No,No
T13772,C1914,2563.54,Cash on Delivery,897,6,12,14,1,No,No
T13773,C1158,306.58,Net Banking,447,10,2,0,1,No,No
T13774,C1187,2161.9,Cash on Delivery,233,31,5,13,4,No,No
T13775,C1059,1154.46,Credit Card,131,47,0,10,1,No,No
T13776,C1914,5423.12,Cash on Delivery,897,6,12,14,1,No,No
T13777,C1816,466.28,Debit Card,1106,34,4,10,8,No,No
T13778,C1318,18324.35,Debit Card,512,30,9,11,3,No,No
T13779,C1877,100.41,Cash on Delivery,563,72,12,11,3,No,No
T13780,C1210,788.79,Credit Card,362,41,12,9,1,No,No
T13781,C1405,200.62,Debit Card,1076,99,16,14,2,No,No
T13782,C1663,6981.75,Net Banking,514,25,9,8,1,No,No
T13783,C1108,844.12,Cash on Delivery,688,6,19,2,2,No,No
T13784,C1075,923.63,Credit Card,1465,36,18,7,5,No,No
T13785,C1541,1708.27,Net Banking,384,49,10,8,9,Yes,No
T13786,C1313,1091.38,Cash on Delivery,199,24,4,10,2,Yes,No
T13787,C1997,605.61,Credit Card,1261,82,8,8,2,No,No
T13788,C1116,312.11,Net Banking,269,89,6,8,10,No,Yes
T13789,C1926,1297.91,Debit Card,1335,34,10,7,6,No,No
T13790,C1867,1601.72,Cash on Delivery,1325,82,3,2,4,Yes,No
T13791,C1703,2198.16,Cash on Delivery,50,44,3,11,8,No,No
T13792,C1018,7425.88,Debit Card,740,59,9,9,7,No,No
T13793,C1431,124.74,UPI,85,39,7,14,2,No,No
T13794,C1684,1024.83,Net Banking,1041,33,15,14,4,No,No
T13795,C1739,3610.99,Debit Card,501,80,0,6,1,Yes,No
T13796,C1349,968.24,Cash on Delivery,1311,20,18,12,10,No,No
T13797,C1182,105.83,Net Banking,789,90,18,8,9,No,No
T13798,C1112,301.56,Net Banking,1056,16,13,2,0,No,No
T13799,C1182,1523.2,UPI,789,90,18,8,9,No,No
T13800,C1480,1468.79,Cash on Delivery,328,1,5,15,9,No,No
T13801,C1145,2148.49,Credit Card,863,58,1,0,0,No,Yes
T13802,C1830,502.2,UPI,403,80,7,13,5,No,No
T13803,C1627,1422.09,UPI,1043,58,13,15,2,No,No
T13804,C1112,425.87,Credit Card,1056,16,13,2,0,Yes,No
T13805,C1762,1422.2,Credit Card,73,91,5,2,2,No,No
T13806,C1475,1156.57,UPI,593,66,3,11,4,No,No
T13807,C1762,482.58,Net Banking,73,91,5,2,2,No,No
T13808,C1302,5209.21,Debit Card,1478,83,13,13,7,No,No
T13809,C1970,199.21,Debit Card,23,82,4,11,9,No,No
T13810,C1824,951.82,UPI,67,88,15,10,4,Yes,No
T13811,C1117,472.05,Net Banking,1260,57,18,6,1,No,Yes
T13812,C1812,6865.07,Credit Card,792,65,15,1,10,No,No
T13813,C1160,1995.0,UPI,1295,69,17,8,10,No,No
T13814,C1400,572.89,Cash on Delivery,769,32,10,1,0,No,No
T13815,C1197,829.05,Net Banking,925,36,6,15,4,No,No
T13816,C1259,7053.35,Cash on Delivery,819,5,12,9,7,Yes,No
T13817,C1659,425.7,Cash on Delivery,1200,60,4,0,4,No,Yes
T13818,C1751,187.83,UPI,1430,46,8,13,7,Yes,Yes
T13819,C1046,1467.05,Net Banking,1021,87,6,2,2,Yes,No
T13820,C1986,1500.63,Cash on Delivery,132,40,11,7,10,No,No
T13821,C1398,2134.6,Net Banking,756,96,12,14,9,No,No
T13822,C1709,2148.72,Debit Card,1359,14,16,6,2,No,No
T13823,C1558,6442.72,Cash on Delivery,598,88,8,13,2,No,No
T13824,C1077,196.74,Cash on Delivery,79,48,9,14,7,No,No
T13825,C1123,329.37,Net Banking,86,74,11,6,9,Yes,No
T13826,C1074,2126.44,Debit Card,1218,95,13,3,8,No,No
T13827,C1870,362.99,Cash on Delivery,1480,23,14,13,8,No,Yes
T13828,C1136,255.55,UPI,1088,25,15,3,10,No,No
T13829,C1601,7085.78,Net Banking,872,88,10,6,2,No,No
T13830,C1399,217.03,Net Banking,166,19,10,12,9,No,No
T13831,C1836,771.8,Cash on Delivery,946,71,6,9,10,Yes,No
T13832,C1504,1033.42,Debit Card,652,47,6,4,9,No,No
T13833,C1499,4060.81,Cash on Delivery,614,33,15,8,2,No,No
T13834,C1572,169.22,Credit Card,624,14,2,1,3,Yes,No
T13835,C1137,1661.5,Cash on Delivery,567,78,19,10,1,No,No
T13836,C1049,450.17,Credit Card,873,62,19,2,4,No,No
T13837,C1770,2054.14,UPI,648,11,6,13,2,No,No
T13838,C1972,442.83,Net Banking,172,24,5,9,9,No,No
T13839,C1618,5283.3,Net Banking,1122,63,2,3,8,No,No
T13840,C1624,445.43,Debit Card,1384,7,6,10,8,No,No
T13841,C1861,93.51,Cash on Delivery,118,52,19,8,3,No,Yes
T13842,C1253,498.27,UPI,1073,32,13,5,8,No,No
T13843,C1629,844.46,Credit Card,1073,90,11,8,4,No,No
T13844,C1709,3236.84,Debit Card,1359,14,16,6,2,No,No
T13845,C1848,311.56,UPI,1218,5,15,9,0,No,Yes
T13846,C1876,317.78,UPI,80,62,13,10,7,No,No
T13847,C1562,2865.73,Credit Card,1326,32,4,13,4,No,No
T13848,C1756,277.21,Credit Card,918,28,20,0,6,No,No
T13849,C1914,916.92,Net Banking,897,6,12,14,1,No,No
T13850,C1425,935.75,Cash on Delivery,518,37,15,15,1,No,No
T13851,C1546,1363.19,Debit Card,881,26,18,4,2,No,No
T13852,C1301,518.09,Cash on Delivery,580,24,19,9,1,No,No
T13853,C1921,433.98,Debit Card,1116,29,3,9,10,Yes,No
T13854,C1580,1532.87,UPI,247,34,0,3,0,No,No
T13855,C1348,447.65,Credit Card,1391,91,1,13,6,Yes,No
T13856,C1831,281.47,Credit Card,192,21,18,9,4,No,No
T13857,C1932,3743.59,UPI,468,95,17,0,6,No,No
T13858,C1979,1786.65,UPI,1217,77,0,11,1,No,No
T13859,C1048,6422.11,Debit Card,1281,83,0,3,3,No,No
T13860,C1916,2401.79,UPI,1070,54,14,1,5,Yes,Yes
T13861,C1073,308.54,Debit Card,1431,47,0,5,8,No,No
T13862,C1703,1207.57,Cash on Delivery,50,44,3,11,8,No,No
T13863,C1260,397.17,Credit Card,199,30,7,9,6,No,No
T13864,C1355,210.27,Credit Card,715,54,15,12,1,Yes,No
T13865,C1581,701.21,Credit Card,441,85,15,6,0,No,Yes
T13866,C1601,2926.41,Cash on Delivery,872,88,10,6,2,No,No
T13867,C1259,1443.63,Cash on Delivery,819,5,12,9,7,Yes,No
T13868,C1637,272.9,Net Banking,571,76,19,12,5,No,No
T13869,C1742,676.99,Debit Card,836,98,2,8,6,No,Yes
T13870,C1294,950.64,Debit Card,1242,100,14,6,5,No,No
T13871,C1930,202.53,Net Banking,1180,19,12,9,3,No,No
T13872,C1640,2237.63,Credit Card,783,17,11,9,4,No,No
T13873,C1791,872.41,Debit Card,424,9,16,15,0,No,No
T13874,C1312,272.98,Debit Card,1158,100,14,15,5,No,No
T13875,C1611,257.97,Credit Card,1101,52,1,2,10,No,No
T13876,C1837,3296.66,UPI,1087,97,8,6,9,No,Yes
T13877,C1808,749.34,UPI,205,60,15,12,1,No,No
T13878,C1181,3605.99,Net Banking,292,17,1,15,3,Yes,No
T13879,C1685,5282.5,Cash on Delivery,443,100,20,1,6,No,No
T13880,C1827,3048.63,Debit Card,1279,36,17,0,4,No,No
T13881,C1363,643.27,Debit Card,1157,45,20,5,3,No,Yes
T13882,C1187,90.21,Net Banking,233,31,5,13,4,No,No
T13883,C1568,1499.66,Net Banking,213,31,14,5,10,No,No
T13884,C1542,8880.17,Debit Card,375,70,13,9,7,Yes,No
T13885,C1595,1058.5,Credit Card,1446,47,14,12,7,No,No
T13886,C1663,149.93,Credit Card,514,25,9,8,1,Yes,No
T13887,C1984,558.43,Cash on Delivery,843,66,1,11,10,No,No
T13888,C1547,912.57,Debit Card,1335,59,15,13,0,Yes,No
T13889,C1724,365.77,Debit Card,1493,74,13,14,6,No,No
T13890,C1925,84.44,Debit Card,283,35,15,15,5,No,No
T13891,C1407,994.41,Debit Card,1387,18,13,13,3,Yes,Yes
T13892,C1875,500.26,Net Banking,1247,9,8,1,3,No,No
T13893,C1617,6455.53,UPI,1221,66,11,12,0,No,No
T13894,C1413,1213.22,Debit Card,905,12,8,12,6,No,No
T13895,C1341,1753.87,UPI,1136,31,4,12,2,No,No
T13896,C1219,973.52,Credit Card,1278,42,11,15,8,No,No
T13897,C1902,1204.4,Cash on Delivery,1301,30,19,15,4,No,No
T13898,C1162,210.12,Credit Card,466,39,11,0,4,No,No
T13899,C1950,387.55,Debit Card,700,14,6,11,8,No,No
T13900,C1219,3257.17,Credit Card,1278,42,11,15,8,No,No
T13901,C1269,1352.16,Net Banking,1304,49,17,3,10,No,No
T13902,C1631,736.19,UPI,356,22,13,0,9,No,No
T13903,C1905,1783.21,Debit Card,1145,72,6,3,7,Yes,No
T13904,C1847,1818.67,Net Banking,1219,98,11,0,6,No,No
T13905,C1399,8029.64,UPI,166,19,10,12,9,No,No
T13906,C1181,1290.86,Net Banking,292,17,1,15,3,Yes,No
T13907,C1990,378.98,Credit Card,641,40,14,6,7,No,No
T13908,C1617,976.82,Debit Card,1221,66,11,12,0,Yes,No
T13909,C1728,2013.37,Credit Card,453,53,13,5,8,No,No
T13910,C1204,2968.05,Cash on Delivery,434,60,18,1,9,No,No
T13911,C1581,218.1,Debit Card,441,85,15,6,0,No,No
T13912,C1555,1413.33,Credit Card,1177,84,4,11,0,No,No
T13913,C1840,447.08,Debit Card,519,85,7,10,8,No,No
T13914,C1812,622.27,UPI,792,65,15,1,10,Yes,No
T13915,C1227,2555.08,Debit Card,605,70,20,6,1,No,No
T13916,C1695,2312.88,Debit Card,599,3,7,5,4,No,No
T13917,C1618,556.6,UPI,1122,63,2,3,8,No,No
T13918,C1595,936.51,Credit Card,1446,47,14,12,7,No,Yes
T13919,C1849,641.57,Debit Card,184,67,17,4,0,No,No
T13920,C1249,19765.69,Net Banking,1394,50,13,2,9,No,No
T13921,C1874,1448.61,Debit Card,1348,3,19,11,2,No,No
T13922,C1440,473.67,Credit Card,1249,4,9,2,9,No,No
T13923,C1532,4114.07,UPI,397,12,5,12,5,No,No
T13924,C1195,4261.86,Credit Card,28,95,15,1,8,No,Yes
T13925,C1689,6579.21,Cash on Delivery,496,28,11,0,6,No,No
T13926,C1928,8848.42,Debit Card,160,38,13,7,7,No,No
T13927,C1986,2225.45,Debit Card,132,40,11,7,10,No,No
T13928,C1518,772.9,UPI,1293,97,7,8,2,No,No
T13929,C1069,895.5,Debit Card,488,48,11,0,3,No,Yes
T13930,C1638,818.87,Net Banking,308,75,16,15,5,No,No
T13931,C1398,732.34,Net Banking,756,96,12,14,9,No,No
T13932,C1977,3789.3,Credit Card,991,54,20,3,8,No,No
T13933,C1671,1097.42,UPI,913,2,1,14,6,No,No
T13934,C1759,2896.97,Cash on Delivery,91,16,6,5,1,No,No
T13935,C1202,2157.09,Credit Card,856,87,2,14,5,No,No
T13936,C1147,365.53,UPI,355,69,14,2,10,Yes,No
T13937,C1471,196.93,UPI,231,87,10,6,3,No,No
T13938,C1654,318.41,Credit Card,1048,29,4,3,8,No,No
T13939,C1943,715.72,Credit Card,826,32,14,3,7,Yes,Yes
T13940,C1198,1254.29,Debit Card,405,15,10,3,2,No,No
T13941,C1916,573.47,Cash on Delivery,1070,54,14,1,5,No,No
T13942,C1425,2215.13,Net Banking,518,37,15,15,1,No,No
T13943,C1665,646.98,Debit Card,361,22,2,6,10,No,No
T13944,C1491,1417.94,UPI,264,3,19,2,10,No,Yes
T13945,C1887,1233.46,Cash on Delivery,1404,16,5,2,6,No,No
T13946,C1895,6213.21,Cash on Delivery,42,9,15,0,6,Yes,No
T13947,C1141,413.54,Credit Card,256,61,3,15,1,No,No
T13948,C1312,9980.81,Cash on Delivery,1158,100,14,15,5,No,No
T13949,C1164,605.26,Cash on Delivery,1194,1,18,6,7,No,Yes
T13950,C1313,287.13,UPI,199,24,4,10,2,No,No
T13951,C1020,882.79,Debit Card,1254,53,2,9,0,No,No
T13952,C1081,28005.02,Cash on Delivery,14,99,16,15,0,No,No
T13953,C1580,2684.38,Credit Card,247,34,0,3,0,No,Yes
T13954,C1130,2004.13,Debit Card,107,4,0,2,1,No,No
T13955,C1598,2428.88,Credit Card,1065,30,3,4,5,No,No
T13956,C1729,507.96,Cash on Delivery,97,95,13,12,0,No,No
T13957,C1932,1519.36,Debit Card,468,95,17,0,6,No,No
T13958,C1983,1099.38,Cash on Delivery,1030,82,7,8,0,No,No
T13959,C1304,6694.67,UPI,1005,65,7,1,9,No,No
T13960,C1914,983.69,Debit Card,897,6,12,14,1,No,Yes
T13961,C1370,751.24,Credit Card,534,31,16,6,10,No,No
T13962,C1856,342.13,UPI,66,74,6,2,2,No,No
T13963,C1852,1261.45,Net Banking,160,25,18,13,9,No,No
T13964,C1383,1469.9,Credit Card,1227,68,0,3,5,No,No
T13965,C1907,329.78,Cash on Delivery,720,14,1,13,9,Yes,No
T13966,C1444,1725.31,Credit Card,554,8,5,11,10,No,No
T13967,C1424,1384.62,Net Banking,979,0,1,7,7,No,No
T13968,C1160,3021.31,Credit Card,1295,69,17,8,10,Yes,No
T13969,C1177,3686.26,UPI,364,58,4,3,9,No,No
T13970,C1628,1205.05,Credit Card,354,66,7,3,2,No,No
T13971,C1707,389.02,Debit Card,906,21,12,5,3,No,No
T13972,C1894,477.89,Net Banking,511,56,1,7,9,No,No
T13973,C1489,6387.69,Credit Card,372,68,14,4,0,No,No
T13974,C1326,1293.99,Net Banking,483,47,4,8,0,No,No
T13975,C1597,6286.46,UPI,1275,95,19,0,0,No,No
T13976,C1288,1805.52,Debit Card,1176,49,13,13,9,No,No
T13977,C1592,2330.26,Cash on Delivery,954,73,17,0,5,No,No
T13978,C1663,2803.78,Credit Card,514,25,9,8,1,No,No
T13979,C1572,322.74,UPI,624,14,2,1,3,Yes,No
T13980,C1572,1490.62,Net Banking,624,14,2,1,3,No,No
T13981,C1353,318.3,Net Banking,478,98,18,1,4,No,No
T13982,C1027,824.76,UPI,1114,70,5,12,8,No,No
T13983,C1953,2080.1,Credit Card,1275,11,3,14,3,Yes,No
T13984,C1042,393.34,Cash on Delivery,855,20,18,0,7,No,No
T13985,C1680,1918.57,Credit Card,18,59,17,11,5,No,No
T13986,C1422,245.09,Debit Card,692,14,15,6,0,No,No
T13987,C1597,3440.32,Credit Card,1275,95,19,0,0,No,No
T13988,C1176,564.29,Debit Card,1107,64,10,6,9,No,No
T13989,C1528,392.64,Net Banking,1389,90,7,4,1,No,No
T13990,C1609,261.03,Debit Card,477,76,10,3,6,No,No
T13991,C1965,614.4,Cash on Delivery,1345,27,11,3,4,No,No
T13992,C1493,162.78,UPI,307,52,20,3,3,No,No
T13993,C1197,633.72,Debit Card,925,36,6,15,4,No,No
T13994,C1609,3292.78,Credit Card,477,76,10,3,6,No,No
T13995,C1576,908.04,Debit Card,1370,68,5,0,9,No,Yes
T13996,C1841,337.81,Net Banking,393,79,12,15,10,No,No
T13997,C1852,1375.07,Debit Card,160,25,18,13,9,No,No
T13998,C1516,1258.78,Cash on Delivery,818,37,11,4,8,No,No
T13999,C1513,7759.01,Debit Card,1411,24,19,13,2,No,No
T14000,C1021,2418.06,Cash on Delivery,533,38,11,5,6,No,No
T14001,C1111,1488.61,Credit Card,143,77,19,12,7,No,No
T14002,C1056,2710.98,Net Banking,502,28,19,7,3,Yes,No
T14003,C1065,958.74,UPI,1044,1,16,14,7,No,Yes
T14004,C1841,1016.97,Credit Card,393,79,12,15,10,No,No
T14005,C1097,5761.43,Credit Card,1140,58,11,7,5,No,No
T14006,C1143,213.67,UPI,231,77,19,0,10,No,No
T14007,C1879,2886.92,Debit Card,614,14,0,7,3,No,No
T14008,C1434,981.62,Debit Card,754,59,0,3,1,No,No
T14009,C1636,819.35,Debit Card,859,94,0,3,1,No,No
T14010,C1678,630.87,Net Banking,64,0,5,5,5,No,No
T14011,C1085,1278.8,Credit Card,99,57,17,8,0,Yes,No
T14012,C1587,1049.92,Cash on Delivery,809,85,9,14,3,Yes,No
T14013,C1343,724.37,UPI,7,35,20,5,3,No,No
T14014,C1935,543.13,Credit Card,854,89,20,14,10,Yes,No
T14015,C1293,163.15,Debit Card,64,88,5,9,10,No,No
T14016,C1955,531.76,UPI,1154,22,20,15,0,No,No
T14017,C1570,657.01,Cash on Delivery,124,73,8,10,9,No,No
T14018,C1649,1275.68,Credit Card,540,10,13,14,5,No,No
T14019,C1610,7809.42,Credit Card,1146,2,3,0,8,No,No
T14020,C1703,592.32,Net Banking,50,44,3,11,8,No,No
T14021,C1242,393.97,Credit Card,1026,0,8,0,3,No,No
T14022,C1830,536.73,Credit Card,403,80,7,13,5,No,No
T14023,C1560,1278.37,Cash on Delivery,1136,22,7,10,4,No,No
T14024,C1959,1975.62,Cash on Delivery,1432,67,20,1,3,No,No
T14025,C1031,2271.84,UPI,407,89,6,3,10,No,No
T14026,C1390,2509.17,Debit Card,784,70,4,6,5,No,No
T14027,C1276,2890.63,Cash on Delivery,680,16,3,3,7,No,No
T14028,C1531,829.74,UPI,1328,0,8,0,9,No,No
T14029,C1153,8545.33,Credit Card,265,14,14,1,9,No,No
T14030,C1382,769.11,UPI,747,70,17,6,6,No,Yes
T14031,C1067,1223.34,UPI,1334,18,6,12,9,No,No
T14032,C1877,4007.12,UPI,563,72,12,11,3,No,No
T14033,C1883,1932.22,UPI,423,62,9,15,9,No,No
T14034,C1213,116.65,Cash on Delivery,1332,74,7,12,6,No,Yes
T14035,C1654,1102.83,Debit Card,1048,29,4,3,8,No,No
T14036,C1375,2596.62,UPI,1245,75,10,6,8,No,No
T14037,C1743,286.15,Net Banking,59,19,1,13,5,No,No
T14038,C1212,2323.18,Credit Card,606,67,11,4,2,No,Yes
T14039,C1078,1619.96,Credit Card,180,47,0,9,9,Yes,No
T14040,C1725,3582.87,Credit Card,1306,54,8,0,5,Yes,Yes
T14041,C1627,548.98,Credit Card,1043,58,13,15,2,No,No
T14042,C1603,2968.74,Credit Card,301,82,0,8,7,No,No
T14043,C1781,1286.41,UPI,1020,67,6,2,0,No,No
T14044,C1922,6412.79,Debit Card,82,9,20,3,10,No,No
T14045,C1380,17783.92,Net Banking,654,6,1,4,10,No,No
T14046,C1679,5106.81,Cash on Delivery,290,72,13,8,5,No,No
T14047,C1057,1773.16,Net Banking,761,78,18,10,4,No,No
T14048,C1795,11170.19,Cash on Delivery,894,20,4,10,9,No,No
T14049,C1025,2005.16,Cash on Delivery,251,85,11,11,7,No,No
T14050,C1880,442.33,Net Banking,176,97,18,3,8,No,No
T14051,C1446,1054.4,UPI,1158,83,9,10,6,No,No
T14052,C1065,2348.83,Credit Card,1044,1,16,14,7,No,No
T14053,C1920,2504.77,UPI,741,39,13,2,3,No,No
T14054,C1759,355.93,Credit Card,91,16,6,5,1,No,No
T14055,C1253,367.41,Debit Card,1073,32,13,5,8,No,No
T14056,C1898,779.53,Cash on Delivery,81,68,5,10,0,No,No
T14057,C1967,1871.59,Net Banking,1321,18,18,9,2,No,Yes
T14058,C1043,2127.2,Debit Card,1215,94,16,4,2,No,No
T14059,C1096,1263.08,Credit Card,754,73,0,5,8,No,No
T14060,C1553,476.07,UPI,522,40,12,14,1,Yes,No
T14061,C1226,6228.82,Net Banking,131,96,10,14,10,No,No
T14062,C1773,375.38,Cash on Delivery,1365,7,15,14,3,No,No
T14063,C1678,4033.3,Debit Card,64,0,5,5,5,No,No
T14064,C1435,2295.77,Cash on Delivery,906,43,1,12,2,No,No
T14065,C1790,3945.51,Credit Card,232,2,20,14,1,No,No
T14066,C1600,703.15,Cash on Delivery,1330,86,6,15,4,Yes,No
T14067,C1378,950.84,UPI,1244,16,17,10,8,No,No
T14068,C1177,1158.69,Debit Card,364,58,4,3,9,Yes,No
T14069,C1426,681.03,Debit Card,898,52,18,5,8,No,No
T14070,C1914,1373.69,UPI,897,6,12,14,1,No,No
T14071,C1708,5319.26,Cash on Delivery,1036,4,14,2,0,No,No
T14072,C1306,299.82,UPI,107,27,8,12,1,No,No
T14073,C1778,568.38,Net Banking,44,77,1,2,5,No,No
T14074,C1503,509.92,UPI,1290,52,5,4,0,No,No
T14075,C1267,997.83,Cash on Delivery,643,12,13,5,7,No,No
T14076,C1585,957.64,UPI,1017,17,1,9,3,No,No
T14077,C1007,2373.96,Credit Card,460,44,11,7,3,No,Yes
T14078,C1919,1134.25,UPI,1080,42,7,12,1,Yes,No
T14079,C1507,1484.57,UPI,1020,27,9,1,1,Yes,No
T14080,C1475,1633.45,Cash on Delivery,593,66,3,11,4,No,No
T14081,C1296,1401.65,Net Banking,990,0,20,5,7,No,No
T14082,C1163,2215.68,Net Banking,934,62,20,0,6,No,Yes
T14083,C1484,970.37,Cash on Delivery,82,90,12,6,7,No,No
T14084,C1596,5689.45,Cash on Delivery,1091,71,1,13,3,No,No
T14085,C1071,13927.49,Cash on Delivery,1433,87,14,1,2,No,No
T14086,C1566,2222.15,Credit Card,318,51,19,3,7,No,No
T14087,C1904,1377.45,Debit Card,506,37,6,13,9,No,No
T14088,C1558,2047.92,UPI,598,88,8,13,2,No,No
T14089,C1910,364.66,Cash on Delivery,954,88,0,5,10,No,No
T14090,C1943,1313.05,Cash on Delivery,826,32,14,3,7,No,No
T14091,C1237,527.78,Cash on Delivery,956,27,20,1,5,Yes,No
T14092,C1103,1826.17,Net Banking,954,100,7,10,10,No,No
T14093,C1209,530.4,Cash on Delivery,1026,80,19,5,8,No,No
T14094,C1553,776.83,UPI,522,40,12,14,1,No,Yes
T14095,C1827,168.68,Cash on Delivery,1279,36,17,0,4,No,No
T14096,C1467,339.26,UPI,1041,92,17,13,5,No,No
T14097,C1453,1563.8,Credit Card,170,24,6,4,3,No,No
T14098,C1267,459.97,Debit Card,643,12,13,5,7,No,No
T14099,C1385,3177.26,Net Banking,448,39,2,7,9,No,No
T14100,C1774,422.47,UPI,1358,64,19,15,6,No,No
T14101,C1847,1725.47,Credit Card,1219,98,11,0,6,No,No
T14102,C1386,511.9,Debit Card,684,84,7,8,7,No,No
T14103,C1876,1612.39,Debit Card,80,62,13,10,7,No,No
T14104,C1258,236.33,Debit Card,35,88,11,4,4,No,No
T14105,C1282,697.02,UPI,1353,33,4,0,8,Yes,No
T14106,C1625,470.5,Credit Card,195,11,6,8,8,No,No
T14107,C1874,2652.43,Cash on Delivery,1348,3,19,11,2,No,No
T14108,C1039,1741.08,Credit Card,814,8,10,2,10,No,No
T14109,C1485,319.71,Credit Card,806,53,7,2,6,No,No
T14110,C1928,895.0,Credit Card,160,38,13,7,7,No,No
T14111,C1219,506.58,UPI,1278,42,11,15,8,No,No
T14112,C1128,2836.3,UPI,1055,81,13,11,0,No,No
T14113,C1519,3910.91,UPI,797,39,15,9,8,No,No
T14114,C1612,259.4,Credit Card,1336,91,6,9,10,No,No
T14115,C1927,2506.65,UPI,997,87,13,9,9,No,Yes
T14116,C1891,481.4,Debit Card,653,50,10,8,9,No,Yes
T14117,C1687,851.57,UPI,1332,24,9,0,0,No,No
T14118,C1618,1132.58,Net Banking,1122,63,2,3,8,No,No
T14119,C1612,6745.33,UPI,1336,91,6,9,10,No,Yes
T14120,C1259,401.88,UPI,819,5,12,9,7,No,Yes
T14121,C1989,2526.9,UPI,294,20,5,8,1,No,No
T14122,C1965,339.85,UPI,1345,27,11,3,4,No,Yes
T14123,C1365,317.16,Net Banking,275,64,0,8,9,No,No
T14124,C1757,1128.3,Cash on Delivery,1134,76,10,1,1,No,No
T14125,C1786,1120.72,UPI,1231,67,18,0,4,No,No
T14126,C1543,64.57,Debit Card,206,79,16,2,8,Yes,No
T14127,C1648,3496.77,Net Banking,1453,77,1,2,9,No,No
T14128,C1523,129.14,Cash on Delivery,633,15,18,14,7,No,No
T14129,C1906,947.72,UPI,1158,89,17,13,5,No,No
T14130,C1813,4136.54,Cash on Delivery,1089,32,19,14,10,No,No
T14131,C1886,9988.44,Debit Card,576,33,12,0,9,No,No
T14132,C1015,762.77,Net Banking,1005,83,12,10,2,No,No
T14133,C1128,261.66,Net Banking,1055,81,13,11,0,No,No
T14134,C1574,3986.02,Cash on Delivery,1089,5,19,7,1,Yes,No
T14135,C1108,2604.92,UPI,688,6,19,2,2,No,No
T14136,C1886,672.5,Credit Card,576,33,12,0,9,Yes,No
T14137,C1532,592.45,Net Banking,397,12,5,12,5,No,No
T14138,C1669,535.18,Credit Card,1210,91,20,0,9,No,No
T14139,C1268,776.98,Net Banking,238,3,8,10,2,Yes,No
T14140,C1161,1504.28,UPI,1113,22,11,0,6,Yes,No
T14141,C1259,622.65,UPI,819,5,12,9,7,No,No
T14142,C1923,706.57,Net Banking,737,93,13,1,2,No,No
T14143,C1101,2082.41,Cash on Delivery,250,22,15,0,8,Yes,Yes
T14144,C1505,249.03,UPI,814,30,15,12,0,No,No
T14145,C1734,753.0,UPI,245,1,12,13,7,No,Yes
T14146,C1570,205.22,Debit Card,124,73,8,10,9,No,No
T14147,C1246,1222.21,UPI,536,49,9,5,9,No,No
T14148,C1639,157.68,Debit Card,1361,98,10,1,5,Yes,No
T14149,C1794,2670.47,UPI,837,13,8,5,9,No,No
T14150,C1836,294.52,UPI,946,71,6,9,10,No,No
T14151,C1536,186.31,Cash on Delivery,982,77,11,1,5,No,No
T14152,C1130,762.34,Cash on Delivery,107,4,0,2,1,No,No
T14153,C1352,6069.96,UPI,1170,58,4,12,1,No,No
T14154,C1195,2233.2,Net Banking,28,95,15,1,8,No,No
T14155,C1792,160.4,Net Banking,904,42,3,8,0,Yes,No
T14156,C1915,286.25,UPI,19,56,11,8,2,No,No
T14157,C1929,738.34,Net Banking,1340,35,1,0,8,No,No
T14158,C1665,10284.09,UPI,361,22,2,6,10,No,No
T14159,C1381,428.82,Cash on Delivery,1455,82,3,14,2,No,No
T14160,C1644,432.3,Credit Card,773,40,12,15,0,Yes,No
T14161,C1226,5051.44,Debit Card,131,96,10,14,10,No,No
T14162,C1700,1332.63,Net Banking,393,61,7,7,2,No,No
T14163,C1475,3143.21,Net Banking,593,66,3,11,4,No,No
T14164,C1476,530.01,Cash on Delivery,1270,1,16,3,6,Yes,No
T14165,C1264,990.65,Net Banking,526,68,11,4,1,No,No
T14166,C1371,4087.27,UPI,1178,82,10,14,8,No,No
T14167,C1485,948.76,UPI,806,53,7,2,6,No,No
T14168,C1433,3371.3,Credit Card,138,98,3,10,10,No,No
T14169,C1645,1615.29,Credit Card,96,41,10,12,8,Yes,No
T14170,C1210,387.75,Credit Card,362,41,12,9,1,No,No
T14171,C1571,1078.88,UPI,1237,67,0,5,1,No,No
T14172,C1939,2925.98,Credit Card,184,98,18,8,10,No,Yes
T14173,C1376,2141.83,Credit Card,1334,98,5,9,2,No,No
T14174,C1394,1053.37,UPI,643,73,20,0,4,Yes,No
T14175,C1449,165.39,Cash on Delivery,962,25,1,10,10,Yes,No
T14176,C1942,182.0,Net Banking,75,75,15,12,9,No,No
T14177,C1363,225.13,Debit Card,1157,45,20,5,3,No,No
T14178,C1875,658.23,UPI,1247,9,8,1,3,No,No
T14179,C1456,752.11,UPI,1368,97,5,15,5,No,No
T14180,C1724,250.78,Debit Card,1493,74,13,14,6,No,No
T14181,C1727,3048.83,Debit Card,1188,64,6,5,8,No,No
T14182,C1225,309.89,Credit Card,398,12,11,10,6,No,No
T14183,C1981,278.51,Debit Card,916,38,14,10,0,No,No
T14184,C1130,1197.79,Net Banking,107,4,0,2,1,Yes,No
T14185,C1587,2904.18,Net Banking,809,85,9,14,3,No,Yes
T14186,C1475,8559.99,Net Banking,593,66,3,11,4,No,No
T14187,C1797,1963.62,Net Banking,1358,27,16,10,1,No,No
T14188,C1985,5323.2,Net Banking,483,33,12,1,0,Yes,No
T14189,C1276,326.34,Credit Card,680,16,3,3,7,No,No
T14190,C1155,9506.58,UPI,232,68,18,9,7,No,No
T14191,C1759,170.46,Debit Card,91,16,6,5,1,No,No
T14192,C1217,662.59,UPI,1370,23,6,15,2,No,No
T14193,C1189,1921.1,Debit Card,1429,44,18,7,10,No,No
T14194,C1416,220.25,Credit Card,1292,57,8,2,8,No,No
T14195,C1980,433.96,Credit Card,681,58,6,11,2,No,No
T14196,C1674,370.21,Cash on Delivery,1222,41,13,0,7,No,No
T14197,C1691,804.14,Cash on Delivery,1499,53,14,8,4,No,No
T14198,C1545,4544.09,Credit Card,1405,50,1,14,0,Yes,No
T14199,C1040,1115.24,Credit Card,1026,2,6,5,8,No,Yes
T14200,C1306,690.17,Debit Card,107,27,8,12,1,No,No
T14201,C1942,61.29,Credit Card,75,75,15,12,9,No,No
T14202,C1337,1748.92,UPI,52,9,8,0,8,No,No
T14203,C1313,2416.35,Debit Card,199,24,4,10,2,No,No
T14204,C1074,200.33,Credit Card,1218,95,13,3,8,No,No
T14205,C1952,1025.59,Debit Card,844,16,11,8,6,No,No
T14206,C1278,1330.1,Debit Card,938,31,18,9,8,No,No
T14207,C1175,2877.28,Net Banking,1050,8,4,13,6,Yes,No
T14208,C1895,531.25,Cash on Delivery,42,9,15,0,6,No,No
T14209,C1661,456.98,Debit Card,733,37,19,7,6,No,No
T14210,C1272,694.72,Debit Card,1293,64,18,13,5,No,No
T14211,C1836,3961.73,Net Banking,946,71,6,9,10,No,No
T14212,C1619,3114.57,Credit Card,459,67,14,13,0,No,No
T14213,C1650,1073.47,Debit Card,2,70,15,13,7,No,No
T14214,C1861,3040.5,Net Banking,118,52,19,8,3,No,No
T14215,C1782,102.65,UPI,423,75,11,3,7,No,No
T14216,C1858,2420.32,Net Banking,254,79,7,14,9,No,No
T14217,C1930,358.25,Cash on Delivery,1180,19,12,9,3,No,No
T14218,C1288,6419.04,Cash on Delivery,1176,49,13,13,9,No,No
T14219,C1723,378.33,Credit Card,892,87,4,1,9,No,No
T14220,C1892,467.42,Credit Card,740,64,7,4,10,No,No
T14221,C1271,1924.5,Cash on Delivery,138,11,15,13,5,No,No
T14222,C1929,2119.54,Cash on Delivery,1340,35,1,0,8,Yes,No
T14223,C1065,701.81,Debit Card,1044,1,16,14,7,No,Yes
T14224,C1482,1589.86,Cash on Delivery,747,64,3,15,0,No,No
T14225,C1935,1799.71,Credit Card,854,89,20,14,10,No,No
T14226,C1247,1624.76,Cash on Delivery,963,59,6,1,6,No,No
T14227,C1155,731.75,Credit Card,232,68,18,9,7,No,No
T14228,C1046,1817.49,UPI,1021,87,6,2,2,No,No
T14229,C1934,4475.49,Cash on Delivery,462,48,20,6,9,No,No
T14230,C1453,321.99,Credit Card,170,24,6,4,3,No,No
T14231,C1200,473.4,Net Banking,888,45,16,2,4,No,Yes
T14232,C1659,1126.93,Debit Card,1200,60,4,0,4,No,No
T14233,C1123,381.37,Credit Card,86,74,11,6,9,No,No
T14234,C1000,180.66,Cash on Delivery,438,2,9,7,1,No,No
T14235,C1967,3271.89,Cash on Delivery,1321,18,18,9,2,No,No
T14236,C1758,118.06,UPI,353,67,8,14,5,No,No
T14237,C1854,733.35,Net Banking,622,90,16,7,2,No,No
T14238,C1639,2342.43,Credit Card,1361,98,10,1,5,No,No
T14239,C1190,1431.82,Net Banking,658,53,7,3,9,No,No
T14240,C1578,744.53,UPI,898,81,9,1,1,No,No
T14241,C1515,365.97,Debit Card,586,65,14,14,4,Yes,No
T14242,C1441,1546.68,Net Banking,580,53,17,2,8,No,No
T14243,C1920,408.14,UPI,741,39,13,2,3,Yes,No
T14244,C1814,1430.72,Credit Card,1141,42,6,3,7,No,No
T14245,C1805,1262.59,Debit Card,260,82,10,0,5,No,No
T14246,C1142,1275.42,Cash on Delivery,934,46,9,1,2,No,No
T14247,C1190,578.06,UPI,658,53,7,3,9,No,Yes
T14248,C1532,8391.79,Cash on Delivery,397,12,5,12,5,No,No
T14249,C1226,1569.02,Debit Card,131,96,10,14,10,No,No
T14250,C1312,829.89,UPI,1158,100,14,15,5,No,No
T14251,C1628,1428.34,UPI,354,66,7,3,2,No,No
T14252,C1948,505.5,Debit Card,656,44,4,7,5,No,No
T14253,C1301,745.23,Credit Card,580,24,19,9,1,No,No
T14254,C1653,11991.1,UPI,333,25,1,0,1,No,No
T14255,C1995,509.09,Debit Card,1441,53,14,9,7,No,No
T14256,C1459,1014.58,Net Banking,740,2,15,14,0,No,No
T14257,C1400,694.99,Cash on Delivery,769,32,10,1,0,No,No
T14258,C1550,387.75,UPI,592,92,20,4,10,Yes,No
T14259,C1392,1670.85,Net Banking,226,86,11,9,10,No,No
T14260,C1866,1137.37,UPI,91,30,3,5,3,No,No
T14261,C1763,2727.19,Credit Card,685,87,18,8,8,Yes,No
T14262,C1844,2466.56,Debit Card,1228,37,9,5,2,No,No
T14263,C1206,2699.19,UPI,509,50,15,6,6,No,No
T14264,C1209,437.82,Debit Card,1026,80,19,5,8,No,No
T14265,C1114,2081.74,UPI,579,85,1,2,2,No,No
T14266,C1736,2132.97,Credit Card,123,20,2,5,5,No,No
T14267,C1645,395.02,Credit Card,96,41,10,12,8,No,No
T14268,C1250,797.42,Net Banking,950,15,14,11,2,No,No
T14269,C1218,255.67,Credit Card,348,65,3,11,4,No,No
T14270,C1406,2142.27,Debit Card,1398,90,15,4,9,No,No
T14271,C1442,2132.44,Credit Card,1208,16,11,8,5,No,No
T14272,C1602,4584.16,UPI,1480,6,9,8,3,No,No
T14273,C1353,872.36,Credit Card,478,98,18,1,4,No,No
T14274,C1887,1722.39,Debit Card,1404,16,5,2,6,Yes,No
T14275,C1557,2944.62,UPI,1318,84,14,13,6,No,No
T14276,C1549,516.0,Net Banking,632,52,7,3,0,No,No
T14277,C1141,443.21,Net Banking,256,61,3,15,1,Yes,No
T14278,C1611,532.25,Net Banking,1101,52,1,2,10,Yes,No
T14279,C1500,773.33,UPI,99,14,8,5,10,No,No
T14280,C1839,459.18,Net Banking,245,93,2,9,2,No,No
T14281,C1701,555.67,Credit Card,842,7,11,14,0,No,No
T14282,C1546,2646.29,UPI,881,26,18,4,2,No,No
T14283,C1658,995.91,UPI,1000,4,15,8,1,No,No
T14284,C1541,1490.25,UPI,384,49,10,8,9,Yes,No
T14285,C1845,632.25,Cash on Delivery,911,23,17,6,6,No,No
T14286,C1506,592.08,Debit Card,1374,36,7,2,1,No,Yes
T14287,C1595,1459.07,Cash on Delivery,1446,47,14,12,7,Yes,No
T14288,C1880,1243.97,Cash on Delivery,176,97,18,3,8,No,No
T14289,C1280,2387.46,Cash on Delivery,578,50,3,6,2,No,No
T14290,C1423,4030.29,Debit Card,809,76,5,5,6,No,No
T14291,C1855,549.27,Cash on Delivery,925,40,20,2,7,No,No
T14292,C1269,2594.59,Net Banking,1304,49,17,3,10,No,No
T14293,C1153,372.48,UPI,265,14,14,1,9,Yes,Yes
T14294,C1613,8723.53,UPI,1136,37,18,14,3,Yes,No
T14295,C1726,499.54,Credit Card,750,63,9,9,0,No,No
T14296,C1661,2187.75,Net Banking,733,37,19,7,6,Yes,No
T14297,C1943,369.73,Debit Card,826,32,14,3,7,No,Yes
T14298,C1082,941.91,UPI,859,28,17,9,2,No,No
T14299,C1621,5144.76,Cash on Delivery,1192,89,7,12,8,No,No
T14300,C1946,484.1,Credit Card,795,96,0,7,7,No,No
T14301,C1898,9938.65,Credit Card,81,68,5,10,0,Yes,Yes
T14302,C1425,1090.86,UPI,518,37,15,15,1,No,No
T14303,C1274,2909.43,Net Banking,1166,49,17,14,10,No,No
T14304,C1712,1640.81,Credit Card,28,16,18,9,1,No,No
T14305,C1283,1732.01,UPI,559,34,2,7,0,No,No
T14306,C1979,263.46,Net Banking,1217,77,0,11,1,No,No
T14307,C1172,683.45,UPI,579,58,18,13,2,No,No
T14308,C1326,3626.33,UPI,483,47,4,8,0,No,No
T14309,C1717,777.19,Net Banking,98,59,15,6,5,No,No
T14310,C1062,1259.96,Net Banking,799,33,1,0,4,No,No
T14311,C1072,233.36,Net Banking,1295,27,6,1,0,No,No
T14312,C1762,640.61,UPI,73,91,5,2,2,No,No
T14313,C1635,3371.25,Credit Card,66,86,0,4,5,No,No
T14314,C1374,304.1,Debit Card,517,59,16,9,2,No,Yes
T14315,C1632,2246.39,Debit Card,850,39,8,4,5,No,Yes
T14316,C1507,1309.99,UPI,1020,27,9,1,1,Yes,No
T14317,C1786,866.14,UPI,1231,67,18,0,4,No,No
T14318,C1942,828.88,Credit Card,75,75,15,12,9,No,No
T14319,C1397,671.13,Net Banking,1405,40,2,6,6,No,No
T14320,C1119,733.65,UPI,553,13,15,0,8,No,No
T14321,C1933,2778.7,Cash on Delivery,853,58,3,5,9,Yes,No
T14322,C1436,711.91,Net Banking,713,5,12,8,0,No,No
T14323,C1828,6684.79,UPI,63,3,20,1,4,No,No
T14324,C1675,1479.61,Cash on Delivery,1373,61,4,5,5,No,No
T14325,C1935,616.3,Credit Card,854,89,20,14,10,No,Yes
T14326,C1464,2902.61,Cash on Delivery,979,17,7,3,1,Yes,No
T14327,C1285,2046.52,UPI,1255,23,7,6,1,No,No
T14328,C1264,209.73,Debit Card,526,68,11,4,1,No,No
T14329,C1319,389.76,UPI,250,77,5,5,8,No,Yes
T14330,C1672,977.09,Debit Card,279,68,6,2,9,No,No
T14331,C1375,225.07,Credit Card,1245,75,10,6,8,No,No
T14332,C1819,8870.89,Credit Card,1262,99,12,15,9,No,No
T14333,C1088,2495.47,Net Banking,257,26,14,10,3,No,No
T14334,C1653,1082.11,Net Banking,333,25,1,0,1,No,Yes
T14335,C1202,778.44,Debit Card,856,87,2,14,5,Yes,No
T14336,C1820,602.05,Debit Card,979,22,15,8,3,No,No
T14337,C1738,153.85,Credit Card,986,49,4,11,2,No,No
T14338,C1954,193.86,Cash on Delivery,835,21,3,12,9,Yes,No
T14339,C1333,7340.2,Debit Card,1243,30,19,11,2,Yes,No
T14340,C1221,5290.14,Debit Card,1358,22,0,15,0,No,No
T14341,C1040,616.6,Cash on Delivery,1026,2,6,5,8,No,No
T14342,C1707,2718.94,Net Banking,906,21,12,5,3,No,No
T14343,C1067,1819.69,Net Banking,1334,18,6,12,9,No,No
T14344,C1987,2047.32,Debit Card,1117,21,4,8,10,No,No
T14345,C1775,263.7,Net Banking,143,8,13,8,3,No,No
T14346,C1513,179.8,Net Banking,1411,24,19,13,2,No,No
T14347,C1872,3578.13,Net Banking,538,72,11,6,0,No,No
T14348,C1636,151.52,Credit Card,859,94,0,3,1,No,No
T14349,C1621,945.59,UPI,1192,89,7,12,8,No,No
T14350,C1597,759.22,Debit Card,1275,95,19,0,0,No,No
T14351,C1936,692.18,Debit Card,117,25,18,1,8,No,No
T14352,C1631,1501.85,Credit Card,356,22,13,0,9,No,No
T14353,C1126,556.91,UPI,192,18,2,3,6,Yes,No
T14354,C1254,1629.02,UPI,544,86,20,12,5,No,No
T14355,C1694,1262.89,Credit Card,351,14,14,1,8,No,No
T14356,C1015,8943.95,Cash on Delivery,1005,83,12,10,2,No,No
T14357,C1476,274.4,Cash on Delivery,1270,1,16,3,6,No,No
T14358,C1061,1129.2,UPI,798,83,12,6,3,No,No
T14359,C1880,1688.08,Cash on Delivery,176,97,18,3,8,No,No
T14360,C1431,848.61,Cash on Delivery,85,39,7,14,2,Yes,No
T14361,C1669,287.99,Cash on Delivery,1210,91,20,0,9,No,No
T14362,C1267,3854.91,UPI,643,12,13,5,7,Yes,No
T14363,C1034,1536.0,Cash on Delivery,1385,39,10,6,7,No,No
T14364,C1778,308.93,Debit Card,44,77,1,2,5,No,No
T14365,C1575,1700.48,UPI,1342,90,12,5,3,No,Yes
T14366,C1493,6012.32,Credit Card,307,52,20,3,3,No,No
T14367,C1561,1057.52,Cash on Delivery,1199,74,12,11,4,Yes,No
T14368,C1468,1094.21,Net Banking,1384,58,17,8,6,No,No
T14369,C1766,5260.62,UPI,1307,39,17,2,8,No,No
T14370,C1660,415.56,Credit Card,1453,82,7,13,4,No,No
T14371,C1324,6170.6,Debit Card,600,41,1,4,7,No,No
T14372,C1303,2901.29,Credit Card,983,56,17,10,0,Yes,No
T14373,C1275,435.19,Cash on Delivery,612,76,10,0,2,No,No
T14374,C1868,562.13,Net Banking,1241,56,8,0,0,No,No
T14375,C1962,648.84,Cash on Delivery,980,56,11,15,5,No,No
T14376,C1683,175.29,Credit Card,763,45,12,14,0,No,No
T14377,C1928,1422.93,UPI,160,38,13,7,7,No,Yes
T14378,C1200,455.34,Net Banking,888,45,16,2,4,No,No
T14379,C1444,1475.2,Net Banking,554,8,5,11,10,Yes,No
T14380,C1904,301.59,Credit Card,506,37,6,13,9,No,No
T14381,C1323,2760.08,Cash on Delivery,753,37,17,14,7,No,No
T14382,C1034,2293.02,Credit Card,1385,39,10,6,7,No,No
T14383,C1976,541.38,Net Banking,798,60,10,2,10,No,No
T14384,C1481,1571.29,Credit Card,1239,82,17,12,3,No,Yes
T14385,C1727,1191.44,Net Banking,1188,64,6,5,8,No,No
T14386,C1479,4828.54,Cash on Delivery,392,39,9,5,3,No,Yes
T14387,C1064,390.54,UPI,723,61,14,13,5,No,Yes
T14388,C1007,941.71,UPI,460,44,11,7,3,No,No
T14389,C1300,577.85,Credit Card,225,94,8,10,2,No,No
T14390,C1342,1146.9,Net Banking,696,29,7,4,7,No,Yes
T14391,C1430,1869.21,UPI,1180,57,5,10,8,No,Yes
T14392,C1423,571.46,Net Banking,809,76,5,5,6,No,No
T14393,C1331,761.96,Cash on Delivery,1318,93,17,9,10,No,No
T14394,C1437,2881.43,Credit Card,156,27,8,8,4,No,No
T14395,C1587,4261.28,Net Banking,809,85,9,14,3,No,Yes
T14396,C1173,1796.36,Credit Card,950,46,2,6,10,No,No
T14397,C1558,955.31,Net Banking,598,88,8,13,2,No,No
T14398,C1526,868.62,Net Banking,901,58,7,2,3,No,Yes
T14399,C1872,1897.18,Cash on Delivery,538,72,11,6,0,No,Yes
T14400,C1658,1377.14,Credit Card,1000,4,15,8,1,No,Yes
T14401,C1025,210.82,Debit Card,251,85,11,11,7,No,No
T14402,C1819,1943.77,Net Banking,1262,99,12,15,9,No,No
T14403,C1604,463.79,Net Banking,1223,6,10,7,5,No,No
T14404,C1405,265.88,UPI,1076,99,16,14,2,No,Yes
T14405,C1231,206.78,Credit Card,945,37,6,9,6,No,No
T14406,C1532,883.5,Debit Card,397,12,5,12,5,No,No
T14407,C1818,396.82,Cash on Delivery,1091,46,0,9,4,No,No
T14408,C1549,107.09,Debit Card,632,52,7,3,0,No,No
T14409,C1787,766.28,Cash on Delivery,18,5,3,11,8,No,No
T14410,C1504,671.44,Debit Card,652,47,6,4,9,No,No
T14411,C1668,943.97,Debit Card,1288,66,1,9,3,No,No
T14412,C1178,584.7,Credit Card,1391,63,6,1,2,Yes,No
T14413,C1131,6831.71,UPI,622,49,19,13,7,No,Yes
T14414,C1822,1839.66,Debit Card,1350,39,2,2,9,No,No
T14415,C1454,665.4,Net Banking,290,79,8,13,0,No,No
T14416,C1347,1029.03,Net Banking,1389,15,7,7,7,No,No
T14417,C1539,4512.66,Net Banking,1075,70,17,10,9,Yes,Yes
T14418,C1771,2854.42,UPI,760,12,4,14,10,No,No
T14419,C1405,271.45,Debit Card,1076,99,16,14,2,No,No
T14420,C1075,413.94,Cash on Delivery,1465,36,18,7,5,No,No
T14421,C1940,501.78,Cash on Delivery,660,42,14,14,5,No,No
T14422,C1578,706.48,Credit Card,898,81,9,1,1,Yes,Yes
T14423,C1853,604.61,UPI,706,100,7,7,10,No,No
T14424,C1491,1134.57,Debit Card,264,3,19,2,10,No,No
T14425,C1193,2288.66,Net Banking,171,84,14,3,7,No,No
T14426,C1983,2704.47,UPI,1030,82,7,8,0,No,No
T14427,C1161,790.92,UPI,1113,22,11,0,6,No,No
T14428,C1346,213.86,Debit Card,1472,28,5,13,1,No,No
T14429,C1950,387.45,Credit Card,700,14,6,11,8,No,No
T14430,C1360,652.12,Credit Card,382,59,20,2,10,No,No
T14431,C1768,315.75,Credit Card,958,50,0,7,7,No,No
T14432,C1583,3431.86,Net Banking,658,62,5,9,3,Yes,No
T14433,C1086,337.13,Net Banking,33,47,15,4,10,No,No
T14434,C1933,2032.58,Debit Card,853,58,3,5,9,Yes,No
T14435,C1261,204.0,Credit Card,77,68,15,4,10,No,No
T14436,C1213,2115.83,Debit Card,1332,74,7,12,6,No,No
T14437,C1664,954.06,Credit Card,895,60,1,11,10,Yes,Yes
T14438,C1721,4976.74,UPI,1324,44,19,2,2,Yes,No
T14439,C1912,353.7,Cash on Delivery,933,52,16,12,1,No,No
T14440,C1572,623.83,Cash on Delivery,624,14,2,1,3,No,No
T14441,C1779,757.15,Credit Card,32,12,7,4,8,No,No
T14442,C1261,941.52,Debit Card,77,68,15,4,10,No,No
T14443,C1729,775.9,Net Banking,97,95,13,12,0,No,No
T14444,C1282,791.02,Credit Card,1353,33,4,0,8,No,No
T14445,C1647,778.16,Credit Card,987,22,9,15,1,No,No
T14446,C1466,138.22,Net Banking,46,43,12,11,5,No,No
T14447,C1379,2961.15,Credit Card,38,31,19,15,3,Yes,No
T14448,C1361,19170.67,UPI,1181,40,0,1,4,No,Yes
T14449,C1448,1477.74,Net Banking,810,13,8,3,5,No,No
T14450,C1440,352.22,UPI,1249,4,9,2,9,No,No
T14451,C1092,389.73,Cash on Delivery,589,53,7,9,5,No,No
T14452,C1620,2024.69,Net Banking,230,4,4,4,1,No,No
T14453,C1752,1612.38,Net Banking,975,82,12,0,3,Yes,No
T14454,C1866,825.27,Debit Card,91,30,3,5,3,Yes,No
T14455,C1423,2329.49,Debit Card,809,76,5,5,6,No,No
T14456,C1141,139.23,Net Banking,256,61,3,15,1,No,No
T14457,C1290,2331.02,Cash on Delivery,663,47,16,1,10,No,No
T14458,C1431,1390.98,Credit Card,85,39,7,14,2,No,No
T14459,C1748,405.07,Debit Card,898,64,16,3,5,No,No
T14460,C1851,261.56,Cash on Delivery,324,5,6,13,7,No,No
T14461,C1823,1238.09,Cash on Delivery,590,89,14,5,10,Yes,No
T14462,C1688,4479.37,Debit Card,444,41,3,4,5,No,No
T14463,C1652,872.97,Credit Card,580,87,10,9,3,No,No
T14464,C1700,467.46,Debit Card,393,61,7,7,2,No,No
T14465,C1997,1327.81,Cash on Delivery,1261,82,8,8,2,No,No
T14466,C1048,6774.17,UPI,1281,83,0,3,3,No,No
T14467,C1301,1688.0,Debit Card,580,24,19,9,1,Yes,No
T14468,C1880,1880.71,Cash on Delivery,176,97,18,3,8,No,No
T14469,C1189,3724.91,Debit Card,1429,44,18,7,10,No,No
T14470,C1135,1759.1,Cash on Delivery,1106,71,13,1,6,No,No
T14471,C1554,502.22,Credit Card,825,18,15,8,10,No,No
T14472,C1403,191.6,Cash on Delivery,871,33,20,14,6,No,No
T14473,C1891,436.31,Net Banking,653,50,10,8,9,No,No
T14474,C1864,363.32,UPI,36,55,0,15,8,No,No
T14475,C1601,2120.29,Cash on Delivery,872,88,10,6,2,No,Yes
T14476,C1806,2436.57,Debit Card,674,44,2,0,2,No,No
T14477,C1340,1307.11,Debit Card,441,46,13,6,0,No,Yes
T14478,C1756,308.37,Cash on Delivery,918,28,20,0,6,No,No
T14479,C1944,6545.92,Net Banking,1296,99,15,3,4,No,No
T14480,C1703,723.28,Cash on Delivery,50,44,3,11,8,No,No
T14481,C1317,2005.16,Credit Card,894,8,2,4,4,No,No
T14482,C1617,1152.08,Net Banking,1221,66,11,12,0,No,Yes
T14483,C1362,1351.09,Cash on Delivery,952,80,2,8,8,No,No
T14484,C1821,1935.62,UPI,1010,35,4,12,8,No,No
T14485,C1381,546.74,Net Banking,1455,82,3,14,2,No,No
T14486,C1232,4045.67,Cash on Delivery,1431,51,13,6,3,No,No
T14487,C1776,225.99,UPI,1434,91,10,0,1,Yes,No
T14488,C1343,388.17,Cash on Delivery,7,35,20,5,3,No,No
T14489,C1548,3993.52,Credit Card,1399,32,9,3,6,No,No
T14490,C1816,1978.32,Debit Card,1106,34,4,10,8,No,No
T14491,C1552,13910.39,Cash on Delivery,533,32,6,15,0,No,Yes
T14492,C1528,1174.21,Net Banking,1389,90,7,4,1,No,No
T14493,C1855,6005.49,Cash on Delivery,925,40,20,2,7,No,No
T14494,C1788,171.15,Cash on Delivery,1127,86,11,15,10,Yes,No
T14495,C1818,266.8,Cash on Delivery,1091,46,0,9,4,No,No
T14496,C1570,2685.24,Cash on Delivery,124,73,8,10,9,Yes,Yes
T14497,C1934,192.41,Net Banking,462,48,20,6,9,No,No
T14498,C1182,900.21,Net Banking,789,90,18,8,9,No,No
T14499,C1040,3523.5,Cash on Delivery,1026,2,6,5,8,No,No
T14500,C1550,1810.16,Debit Card,592,92,20,4,10,Yes,No
T14501,C1396,1108.87,Cash on Delivery,721,54,19,15,5,No,No
T14502,C1703,699.87,Net Banking,50,44,3,11,8,No,No
T14503,C1778,1342.42,Credit Card,44,77,1,2,5,No,No
T14504,C1493,1953.25,Cash on Delivery,307,52,20,3,3,No,No
T14505,C1658,566.29,Cash on Delivery,1000,4,15,8,1,No,No
T14506,C1906,1590.39,Cash on Delivery,1158,89,17,13,5,No,Yes
T14507,C1332,3224.17,Cash on Delivery,394,15,14,2,9,No,No
T14508,C1126,877.89,UPI,192,18,2,3,6,No,No
T14509,C1557,1173.94,Cash on Delivery,1318,84,14,13,6,No,No
T14510,C1556,1778.95,Net Banking,1336,40,15,8,4,Yes,No
T14511,C1000,1903.28,Net Banking,438,2,9,7,1,No,No
T14512,C1167,2639.79,UPI,1050,85,16,6,5,No,No
T14513,C1619,397.67,Cash on Delivery,459,67,14,13,0,No,Yes
T14514,C1018,646.18,Debit Card,740,59,9,9,7,No,No
T14515,C1331,670.57,Cash on Delivery,1318,93,17,9,10,Yes,Yes
T14516,C1583,444.12,Net Banking,658,62,5,9,3,No,No
T14517,C1455,181.56,Credit Card,1192,35,7,15,0,No,No
T14518,C1956,42.33,Credit Card,764,89,20,9,8,No,Yes
T14519,C1108,3624.43,Debit Card,688,6,19,2,2,No,No
T14520,C1267,231.85,Cash on Delivery,643,12,13,5,7,No,No
T14521,C1444,5252.76,UPI,554,8,5,11,10,No,No
T14522,C1239,2297.12,Cash on Delivery,1197,81,20,11,7,No,No
T14523,C1928,730.93,Debit Card,160,38,13,7,7,No,No
T14524,C1300,2031.28,Debit Card,225,94,8,10,2,No,No
T14525,C1601,1677.62,Debit Card,872,88,10,6,2,Yes,No
T14526,C1102,364.39,Credit Card,446,72,17,8,6,No,No
T14527,C1987,1080.33,Cash on Delivery,1117,21,4,8,10,No,No
T14528,C1249,411.64,Cash on Delivery,1394,50,13,2,9,No,Yes
T14529,C1452,2109.33,UPI,987,90,2,9,1,No,No
T14530,C1519,536.35,Debit Card,797,39,15,9,8,No,No
T14531,C1152,995.62,Debit Card,843,78,6,11,2,Yes,No
T14532,C1858,953.56,Net Banking,254,79,7,14,9,No,No
T14533,C1173,1238.4,Net Banking,950,46,2,6,10,No,Yes
T14534,C1342,5782.29,Credit Card,696,29,7,4,7,No,No
T14535,C1669,861.81,Cash on Delivery,1210,91,20,0,9,No,No
T14536,C1430,3706.81,UPI,1180,57,5,10,8,No,No
T14537,C1726,1772.24,UPI,750,63,9,9,0,No,No
T14538,C1688,4529.66,Debit Card,444,41,3,4,5,No,No
T14539,C1686,781.77,UPI,141,96,9,8,0,Yes,No
T14540,C1851,2199.83,Debit Card,324,5,6,13,7,No,Yes
T14541,C1849,1033.53,Cash on Delivery,184,67,17,4,0,No,No
T14542,C1657,55.18,UPI,506,68,1,2,9,Yes,Yes
T14543,C1961,368.76,Debit Card,482,12,5,0,5,No,No
T14544,C1323,1963.29,Cash on Delivery,753,37,17,14,7,No,No
T14545,C1989,1837.69,Cash on Delivery,294,20,5,8,1,No,No
T14546,C1672,300.37,Debit Card,279,68,6,2,9,No,No
T14547,C1638,1366.99,Debit Card,308,75,16,15,5,No,No
T14548,C1419,1813.95,Credit Card,242,58,14,15,7,No,No
T14549,C1593,1059.27,Cash on Delivery,1252,87,15,9,6,Yes,No
T14550,C1484,2272.92,Debit Card,82,90,12,6,7,No,No
T14551,C1658,1983.38,Cash on Delivery,1000,4,15,8,1,No,No
T14552,C1750,1058.76,UPI,1465,87,4,14,6,No,No
T14553,C1411,657.98,Net Banking,602,92,0,5,1,No,No
T14554,C1935,3110.51,Net Banking,854,89,20,14,10,No,No
T14555,C1083,1742.65,Debit Card,246,59,20,10,0,No,Yes
T14556,C1112,275.49,Debit Card,1056,16,13,2,0,Yes,No
T14557,C1736,1367.72,Cash on Delivery,123,20,2,5,5,No,No
T14558,C1331,346.88,Debit Card,1318,93,17,9,10,No,No
T14559,C1377,417.98,Cash on Delivery,1201,78,8,15,3,No,No
T14560,C1754,571.4,Debit Card,917,89,10,2,1,No,No
T14561,C1654,1146.96,Cash on Delivery,1048,29,4,3,8,No,No
T14562,C1040,1594.77,Debit Card,1026,2,6,5,8,No,No
T14563,C1934,728.55,Credit Card,462,48,20,6,9,Yes,No
T14564,C1769,761.14,Cash on Delivery,1056,10,9,15,10,No,No
T14565,C1958,662.99,Credit Card,692,11,14,14,2,No,No
T14566,C1796,3126.01,Credit Card,239,42,16,0,9,No,No
T14567,C1104,63.25,Credit Card,278,7,10,2,5,No,Yes
T14568,C1201,805.39,Credit Card,1265,77,8,1,3,Yes,No
T14569,C1449,5140.91,UPI,962,25,1,10,10,Yes,No
T14570,C1818,1839.47,Net Banking,1091,46,0,9,4,No,No
T14571,C1842,3892.66,UPI,772,93,15,5,10,No,No
T14572,C1972,143.42,Debit Card,172,24,5,9,9,No,No
T14573,C1265,316.64,Debit Card,349,75,6,12,9,No,No
T14574,C1909,1833.62,Net Banking,257,76,14,11,8,No,No
T14575,C1209,5170.01,Net Banking,1026,80,19,5,8,No,No
T14576,C1562,350.29,Net Banking,1326,32,4,13,4,No,No
T14577,C1117,744.15,Credit Card,1260,57,18,6,1,Yes,No
T14578,C1712,1638.38,UPI,28,16,18,9,1,No,No
T14579,C1376,256.6,Debit Card,1334,98,5,9,2,No,No
T14580,C1550,1847.69,UPI,592,92,20,4,10,Yes,Yes
T14581,C1539,75.51,UPI,1075,70,17,10,9,No,No
T14582,C1770,1794.07,UPI,648,11,6,13,2,No,No
T14583,C1083,405.42,Net Banking,246,59,20,10,0,No,No
T14584,C1453,700.93,Net Banking,170,24,6,4,3,No,No
T14585,C1666,2104.61,Debit Card,274,45,17,0,5,No,No
T14586,C1628,1715.14,Debit Card,354,66,7,3,2,No,No
T14587,C1513,1087.92,Debit Card,1411,24,19,13,2,No,No
T14588,C1604,2890.08,UPI,1223,6,10,7,5,Yes,No
T14589,C1677,200.3,Net Banking,1329,56,17,6,3,No,No
T14590,C1386,1345.36,Credit Card,684,84,7,8,7,No,No
T14591,C1911,497.62,UPI,1204,93,20,3,5,No,No
T14592,C1349,2746.36,Cash on Delivery,1311,20,18,12,10,No,No
T14593,C1295,2179.97,UPI,1096,26,11,12,6,Yes,No
T14594,C1257,2260.52,Net Banking,614,16,5,12,8,No,No
T14595,C1080,5683.84,Cash on Delivery,675,87,2,3,6,No,No
T14596,C1936,3382.42,UPI,117,25,18,1,8,Yes,No
T14597,C1267,936.9,Net Banking,643,12,13,5,7,No,No
T14598,C1418,1095.24,Net Banking,1030,75,4,7,10,No,No
T14599,C1234,2000.07,Credit Card,334,63,11,9,7,No,No
T14600,C1832,1256.61,UPI,1353,80,4,6,1,No,No
T14601,C1310,2219.8,Net Banking,1165,33,20,13,5,Yes,No
T14602,C1812,117.88,Debit Card,792,65,15,1,10,No,No
T14603,C1974,7192.57,Net Banking,318,55,4,0,8,Yes,No
T14604,C1985,1165.64,Credit Card,483,33,12,1,0,No,Yes
T14605,C1356,216.49,Net Banking,115,99,15,2,1,No,No
T14606,C1212,439.75,UPI,606,67,11,4,2,No,No
T14607,C1573,130.41,UPI,1109,50,11,8,7,No,No
T14608,C1048,368.62,Cash on Delivery,1281,83,0,3,3,Yes,Yes
T14609,C1126,951.23,UPI,192,18,2,3,6,No,No
T14610,C1222,4987.62,Cash on Delivery,1200,60,16,6,4,No,No
T14611,C1920,1653.54,Debit Card,741,39,13,2,3,No,No
T14612,C1278,1384.18,Credit Card,938,31,18,9,8,Yes,Yes
T14613,C1407,352.45,Debit Card,1387,18,13,13,3,Yes,No
T14614,C1504,480.83,Cash on Delivery,652,47,6,4,9,No,Yes
T14615,C1293,519.61,Net Banking,64,88,5,9,10,No,No
T14616,C1795,541.24,Net Banking,894,20,4,10,9,No,No
T14617,C1276,771.6,Debit Card,680,16,3,3,7,No,No
T14618,C1437,832.13,Net Banking,156,27,8,8,4,No,No
T14619,C1106,781.27,Cash on Delivery,1497,13,18,6,7,No,No
T14620,C1657,560.41,Credit Card,506,68,1,2,9,No,No
T14621,C1419,1255.2,UPI,242,58,14,15,7,Yes,No
T14622,C1610,800.78,Cash on Delivery,1146,2,3,0,8,Yes,No
T14623,C1428,222.39,Cash on Delivery,1425,0,3,1,9,No,No
T14624,C1374,1134.99,UPI,517,59,16,9,2,No,No
T14625,C1072,975.78,UPI,1295,27,6,1,0,No,Yes
T14626,C1948,225.96,Credit Card,656,44,4,7,5,No,No
T14627,C1997,607.1,Credit Card,1261,82,8,8,2,No,No
T14628,C1633,1992.35,Credit Card,974,96,5,8,1,No,No
T14629,C1029,351.97,Net Banking,689,71,1,12,8,No,No
T14630,C1187,316.66,Cash on Delivery,233,31,5,13,4,No,No
T14631,C1363,792.44,UPI,1157,45,20,5,3,No,No
T14632,C1865,2044.55,Cash on Delivery,531,55,20,1,3,No,No
T14633,C1799,6703.11,Cash on Delivery,623,35,1,11,8,No,No
T14634,C1450,2119.5,Credit Card,542,92,17,0,7,No,No
T14635,C1194,3244.86,Credit Card,1439,45,9,13,3,No,No
T14636,C1155,1551.07,Cash on Delivery,232,68,18,9,7,No,No
T14637,C1171,552.74,Credit Card,891,15,14,15,0,No,No
T14638,C1846,2104.24,Net Banking,1152,99,2,6,7,Yes,No
T14639,C1040,1006.66,UPI,1026,2,6,5,8,Yes,No
T14640,C1062,1598.84,Cash on Delivery,799,33,1,0,4,No,No
T14641,C1022,425.8,UPI,108,48,18,1,10,No,No
T14642,C1359,1748.38,Net Banking,57,86,17,3,7,No,No
T14643,C1074,972.13,Credit Card,1218,95,13,3,8,No,Yes
T14644,C1559,1381.96,Debit Card,113,41,11,5,7,No,No
T14645,C1671,1007.2,Net Banking,913,2,1,14,6,No,No
T14646,C1824,831.14,Debit Card,67,88,15,10,4,No,No
T14647,C1117,1780.57,UPI,1260,57,18,6,1,No,No
T14648,C1611,730.63,Cash on Delivery,1101,52,1,2,10,No,No
T14649,C1379,223.93,Credit Card,38,31,19,15,3,No,No
T14650,C1928,168.35,Net Banking,160,38,13,7,7,No,No
T14651,C1919,1318.72,Credit Card,1080,42,7,12,1,No,No
T14652,C1678,701.19,Debit Card,64,0,5,5,5,No,No
T14653,C1289,194.59,Debit Card,140,45,14,13,10,No,No
T14654,C1439,1219.91,Cash on Delivery,787,7,9,4,0,No,Yes
T14655,C1667,998.37,Debit Card,177,29,20,3,1,No,No
T14656,C1932,665.4,Cash on Delivery,468,95,17,0,6,Yes,No
T14657,C1006,1403.62,Net Banking,1209,55,14,2,8,No,No
T14658,C1195,4085.07,Cash on Delivery,28,95,15,1,8,No,No
T14659,C1420,3962.34,Debit Card,162,76,6,12,9,No,No
T14660,C1567,1266.19,UPI,996,11,11,2,8,No,No
T14661,C1832,1007.56,Cash on Delivery,1353,80,4,6,1,No,No
T14662,C1192,1284.0,Credit Card,1158,99,4,13,5,No,No
T14663,C1558,1493.69,UPI,598,88,8,13,2,No,Yes
T14664,C1147,838.57,Cash on Delivery,355,69,14,2,10,No,No
T14665,C1786,1305.76,Credit Card,1231,67,18,0,4,Yes,No
T14666,C1668,227.32,UPI,1288,66,1,9,3,No,Yes
T14667,C1201,1189.57,Cash on Delivery,1265,77,8,1,3,No,No
T14668,C1443,1766.6,Net Banking,1219,37,15,8,5,No,No
T14669,C1913,671.93,Credit Card,1072,55,19,15,8,No,Yes
T14670,C1987,996.78,Net Banking,1117,21,4,8,10,No,No
T14671,C1418,360.86,Debit Card,1030,75,4,7,10,No,No
T14672,C1426,314.09,Cash on Delivery,898,52,18,5,8,No,No
T14673,C1478,1354.0,Cash on Delivery,391,18,13,13,3,No,No
T14674,C1474,528.71,Credit Card,112,89,20,11,3,No,No
T14675,C1125,185.52,Cash on Delivery,404,33,14,6,5,Yes,Yes
T14676,C1394,360.76,Debit Card,643,73,20,0,4,No,No
T14677,C1816,417.22,Cash on Delivery,1106,34,4,10,8,No,No
T14678,C1880,2379.34,UPI,176,97,18,3,8,Yes,No
T14679,C1805,1311.75,Net Banking,260,82,10,0,5,No,No
T14680,C1575,458.7,Debit Card,1342,90,12,5,3,No,No
T14681,C1324,609.25,Debit Card,600,41,1,4,7,No,No
T14682,C1391,4072.79,Net Banking,1268,36,10,11,6,Yes,No
T14683,C1929,2796.44,Net Banking,1340,35,1,0,8,Yes,No
T14684,C1687,358.5,Debit Card,1332,24,9,0,0,No,No
T14685,C1627,3510.54,Net Banking,1043,58,13,15,2,Yes,No
T14686,C1439,1011.68,Credit Card,787,7,9,4,0,No,Yes
T14687,C1203,2439.65,Net Banking,444,88,7,7,2,Yes,No
T14688,C1485,931.4,UPI,806,53,7,2,6,No,No
T14689,C1832,3589.72,UPI,1353,80,4,6,1,No,No
T14690,C1030,343.91,Credit Card,1322,61,12,3,8,No,No
T14691,C1387,849.42,Net Banking,125,47,4,12,0,No,No
T14692,C1624,3701.38,UPI,1384,7,6,10,8,No,No
T14693,C1876,100.22,Cash on Delivery,80,62,13,10,7,Yes,No
T14694,C1433,1047.27,Net Banking,138,98,3,10,10,Yes,No
T14695,C1836,739.85,Credit Card,946,71,6,9,10,No,No
T14696,C1925,2174.73,Net Banking,283,35,15,15,5,No,Yes
T14697,C1375,3196.83,Debit Card,1245,75,10,6,8,No,No
T14698,C1343,2276.25,Debit Card,7,35,20,5,3,No,No
T14699,C1442,1395.49,UPI,1208,16,11,8,5,No,No
T14700,C1578,1142.03,Debit Card,898,81,9,1,1,No,No
T14701,C1074,778.44,Credit Card,1218,95,13,3,8,No,No
T14702,C1556,1352.86,UPI,1336,40,15,8,4,No,No
T14703,C1771,4720.43,Credit Card,760,12,4,14,10,No,No
T14704,C1665,477.94,Credit Card,361,22,2,6,10,Yes,No
T14705,C1154,733.57,Debit Card,392,51,10,7,1,Yes,No
T14706,C1429,1016.88,Debit Card,784,10,13,6,10,No,No
T14707,C1362,2983.74,Credit Card,952,80,2,8,8,No,Yes
T14708,C1447,1371.01,Debit Card,1333,77,14,15,8,No,Yes
T14709,C1986,2932.12,Debit Card,132,40,11,7,10,No,No
T14710,C1233,3084.39,Debit Card,732,43,15,12,0,No,No
T14711,C1562,1982.35,Net Banking,1326,32,4,13,4,No,No
T14712,C1817,378.42,Credit Card,518,36,1,13,10,Yes,Yes
T14713,C1261,5773.85,Cash on Delivery,77,68,15,4,10,No,No
T14714,C1826,4502.47,Credit Card,684,14,18,2,4,No,No
T14715,C1124,1168.57,UPI,1087,80,0,5,8,Yes,No
T14716,C1910,275.4,Debit Card,954,88,0,5,10,No,No
T14717,C1244,230.33,Debit Card,168,41,4,10,1,No,Yes
T14718,C1541,1414.19,Cash on Delivery,384,49,10,8,9,No,No
T14719,C1937,543.62,UPI,364,35,15,8,10,No,No
T14720,C1484,196.92,Net Banking,82,90,12,6,7,No,No
T14721,C1121,226.02,Credit Card,275,25,17,3,0,No,No
T14722,C1124,685.41,Net Banking,1087,80,0,5,8,No,No
T14723,C1548,1332.66,UPI,1399,32,9,3,6,No,No
T14724,C1169,4472.55,Cash on Delivery,511,46,3,15,5,No,Yes
T14725,C1123,1779.74,UPI,86,74,11,6,9,No,No
T14726,C1868,748.89,Cash on Delivery,1241,56,8,0,0,No,No
T14727,C1034,1603.51,Net Banking,1385,39,10,6,7,No,No
T14728,C1086,1466.4,Net Banking,33,47,15,4,10,No,No
T14729,C1645,2297.43,UPI,96,41,10,12,8,Yes,No
T14730,C1707,1053.69,UPI,906,21,12,5,3,No,No
T14731,C1785,3090.84,Debit Card,845,2,17,8,2,No,No
T14732,C1200,2501.01,Cash on Delivery,888,45,16,2,4,No,No
T14733,C1368,1191.18,Debit Card,718,26,7,3,8,No,No
T14734,C1796,973.38,Credit Card,239,42,16,0,9,No,No
T14735,C1076,2751.08,Credit Card,313,73,15,0,1,No,No
T14736,C1058,537.28,UPI,1284,69,6,0,10,No,No
T14737,C1430,243.08,Net Banking,1180,57,5,10,8,No,Yes
T14738,C1637,241.7,Credit Card,571,76,19,12,5,No,No
T14739,C1499,494.54,Credit Card,614,33,15,8,2,No,No
T14740,C1912,2121.02,Debit Card,933,52,16,12,1,No,No
T14741,C1108,718.53,Debit Card,688,6,19,2,2,No,No
T14742,C1735,1345.49,Credit Card,251,78,17,5,7,No,No
T14743,C1277,668.28,UPI,839,71,17,1,7,Yes,No
T14744,C1067,673.6,Debit Card,1334,18,6,12,9,Yes,No
T14745,C1068,393.29,Credit Card,1275,97,8,14,7,No,No
T14746,C1164,1000.35,Net Banking,1194,1,18,6,7,No,No
T14747,C1488,920.43,Debit Card,952,98,2,6,10,No,No
T14748,C1304,1656.84,Credit Card,1005,65,7,1,9,Yes,No
T14749,C1908,1462.2,Cash on Delivery,1395,15,19,13,8,No,No
T14750,C1673,900.41,Debit Card,706,82,6,1,4,Yes,No
T14751,C1364,243.21,Cash on Delivery,1187,48,7,2,2,No,Yes
T14752,C1853,3198.95,Debit Card,706,100,7,7,10,Yes,No
T14753,C1820,1007.23,Debit Card,979,22,15,8,3,No,Yes
T14754,C1378,1187.54,Cash on Delivery,1244,16,17,10,8,No,No
T14755,C1342,5434.35,UPI,696,29,7,4,7,No,No
T14756,C1946,2719.55,Credit Card,795,96,0,7,7,No,No
T14757,C1898,1713.77,UPI,81,68,5,10,0,No,No
T14758,C1553,1094.11,UPI,522,40,12,14,1,No,No
T14759,C1353,1083.94,Credit Card,478,98,18,1,4,No,Yes
T14760,C1415,1394.25,Net Banking,1328,4,4,8,10,No,No
T14761,C1108,1647.32,UPI,688,6,19,2,2,Yes,No
T14762,C1562,6071.75,UPI,1326,32,4,13,4,No,No
T14763,C1761,13007.3,UPI,702,4,4,13,1,Yes,No
T14764,C1496,1465.95,Net Banking,185,30,2,2,6,No,No
T14765,C1340,127.32,Debit Card,441,46,13,6,0,No,Yes
T14766,C1941,423.37,Cash on Delivery,1190,98,0,9,9,No,No
T14767,C1382,6710.96,Cash on Delivery,747,70,17,6,6,Yes,No
T14768,C1532,2249.93,Net Banking,397,12,5,12,5,No,Yes
T14769,C1299,1679.16,UPI,581,9,4,15,10,No,No
T14770,C1138,928.12,Cash on Delivery,586,56,15,15,2,No,No
T14771,C1358,333.95,Net Banking,1176,32,6,2,3,No,Yes
T14772,C1835,5871.06,Credit Card,741,16,13,0,5,Yes,No
T14773,C1498,481.44,Cash on Delivery,31,10,19,12,10,No,No
T14774,C1384,2274.04,Credit Card,841,57,10,15,0,No,Yes
T14775,C1603,298.66,UPI,301,82,0,8,7,Yes,No
T14776,C1958,884.17,Cash on Delivery,692,11,14,14,2,Yes,No
T14777,C1279,2960.04,Net Banking,355,83,12,2,7,No,No
T14778,C1636,854.32,Debit Card,859,94,0,3,1,No,No
T14779,C1482,758.66,Cash on Delivery,747,64,3,15,0,No,No
T14780,C1908,1108.36,Cash on Delivery,1395,15,19,13,8,No,No
T14781,C1110,288.3,Cash on Delivery,969,2,12,9,1,No,No
T14782,C1865,238.85,Cash on Delivery,531,55,20,1,3,No,No
T14783,C1138,2240.01,Net Banking,586,56,15,15,2,No,No
T14784,C1995,718.95,Net Banking,1441,53,14,9,7,No,No
T14785,C1434,2222.72,Debit Card,754,59,0,3,1,No,No
T14786,C1508,3354.92,Net Banking,978,30,13,5,6,Yes,No
T14787,C1272,3636.01,Net Banking,1293,64,18,13,5,No,No
T14788,C1098,216.8,UPI,404,43,8,0,9,No,No
T14789,C1763,545.76,UPI,685,87,18,8,8,No,No
T14790,C1849,1877.29,Credit Card,184,67,17,4,0,No,No
T14791,C1103,1906.46,Debit Card,954,100,7,10,10,No,No
T14792,C1213,10398.72,UPI,1332,74,7,12,6,No,No
T14793,C1760,442.48,Debit Card,1438,96,15,4,6,No,No
T14794,C1663,3526.88,Debit Card,514,25,9,8,1,No,Yes
T14795,C1761,1591.25,Cash on Delivery,702,4,4,13,1,No,No
T14796,C1786,212.67,Debit Card,1231,67,18,0,4,Yes,No
T14797,C1164,634.09,Cash on Delivery,1194,1,18,6,7,No,No
T14798,C1998,1425.86,Credit Card,287,41,10,11,2,No,No
T14799,C1852,199.46,Credit Card,160,25,18,13,9,No,No
T14800,C1519,137.84,Credit Card,797,39,15,9,8,No,Yes
T14801,C1283,188.44,Cash on Delivery,559,34,2,7,0,No,Yes
T14802,C1516,1421.02,Cash on Delivery,818,37,11,4,8,No,No
T14803,C1656,675.42,Credit Card,742,45,15,3,1,No,No
T14804,C1612,589.95,Cash on Delivery,1336,91,6,9,10,No,No
T14805,C1163,610.56,Net Banking,934,62,20,0,6,No,No
T14806,C1885,263.98,Net Banking,1427,20,17,0,6,No,No
T14807,C1658,694.78,Cash on Delivery,1000,4,15,8,1,No,No
T14808,C1063,177.61,Cash on Delivery,930,59,1,8,6,No,No
T14809,C1090,3596.23,UPI,19,6,12,10,6,No,No
T14810,C1116,5957.04,UPI,269,89,6,8,10,No,No
T14811,C1865,107.12,Debit Card,531,55,20,1,3,No,No
T14812,C1266,686.0,Debit Card,506,6,18,9,4,No,No
T14813,C1821,732.15,Debit Card,1010,35,4,12,8,Yes,No
T14814,C1684,921.05,Credit Card,1041,33,15,14,4,Yes,No
T14815,C1558,2985.52,Net Banking,598,88,8,13,2,No,No
T14816,C1139,688.0,Credit Card,885,0,18,2,8,No,No
T14817,C1245,1004.0,Cash on Delivery,368,94,18,5,0,Yes,No
T14818,C1660,21569.92,UPI,1453,82,7,13,4,No,No
T14819,C1757,981.13,Cash on Delivery,1134,76,10,1,1,No,No
T14820,C1394,6414.01,Cash on Delivery,643,73,20,0,4,Yes,No
T14821,C1486,1811.64,UPI,822,44,9,10,4,No,No
T14822,C1475,630.36,Cash on Delivery,593,66,3,11,4,No,No
T14823,C1516,533.4,Debit Card,818,37,11,4,8,No,Yes
T14824,C1976,1088.69,UPI,798,60,10,2,10,No,No
T14825,C1183,355.5,Cash on Delivery,816,81,10,4,1,No,No
T14826,C1019,462.26,Debit Card,1094,51,11,11,1,No,No
T14827,C1936,718.34,Debit Card,117,25,18,1,8,No,No
T14828,C1557,1470.48,Net Banking,1318,84,14,13,6,Yes,No
T14829,C1523,6808.98,Debit Card,633,15,18,14,7,No,No
T14830,C1581,675.22,Credit Card,441,85,15,6,0,No,No
T14831,C1528,1739.79,UPI,1389,90,7,4,1,No,No
T14832,C1882,215.32,UPI,1481,18,11,1,0,No,No
T14833,C1146,3166.2,UPI,1479,30,3,5,1,Yes,No
T14834,C1665,196.04,Cash on Delivery,361,22,2,6,10,No,Yes
T14835,C1303,2436.67,Cash on Delivery,983,56,17,10,0,No,No
T14836,C1619,1011.38,Credit Card,459,67,14,13,0,No,No
T14837,C1747,971.99,Debit Card,236,29,9,7,7,Yes,No
T14838,C1819,812.19,Cash on Delivery,1262,99,12,15,9,No,No
T14839,C1863,298.49,Debit Card,556,89,11,1,3,No,No
T14840,C1581,314.73,Debit Card,441,85,15,6,0,Yes,No
T14841,C1694,2531.38,Cash on Delivery,351,14,14,1,8,Yes,No
T14842,C1761,1109.8,Cash on Delivery,702,4,4,13,1,No,No
T14843,C1227,806.29,Credit Card,605,70,20,6,1,Yes,No
T14844,C1101,1708.55,Net Banking,250,22,15,0,8,No,No
T14845,C1586,1213.56,UPI,554,25,17,1,4,No,No
T14846,C1416,496.24,Cash on Delivery,1292,57,8,2,8,No,No
T14847,C1957,12848.68,Cash on Delivery,358,77,5,6,5,No,No
T14848,C1215,2300.21,Debit Card,250,78,19,14,1,No,No
T14849,C1406,1245.22,Net Banking,1398,90,15,4,9,No,No
T14850,C1398,656.15,Cash on Delivery,756,96,12,14,9,No,No
T14851,C1922,2843.41,Net Banking,82,9,20,3,10,No,No
T14852,C1714,498.91,UPI,1316,49,2,4,4,Yes,Yes
T14853,C1703,458.62,Debit Card,50,44,3,11,8,No,Yes
T14854,C1760,5962.98,Credit Card,1438,96,15,4,6,No,No
T14855,C1498,1130.79,UPI,31,10,19,12,10,Yes,Yes
T14856,C1753,511.14,Net Banking,589,93,19,7,0,No,No
T14857,C1464,1102.89,Net Banking,979,17,7,3,1,No,No
T14858,C1690,2566.21,UPI,426,24,7,6,5,No,No
T14859,C1948,2041.12,Net Banking,656,44,4,7,5,No,No
T14860,C1973,2905.21,Credit Card,835,74,2,5,10,No,Yes
T14861,C1730,314.33,Credit Card,309,39,1,9,5,No,No
T14862,C1081,2833.16,Net Banking,14,99,16,15,0,Yes,No
T14863,C1603,916.85,Net Banking,301,82,0,8,7,No,No
T14864,C1946,1198.83,Credit Card,795,96,0,7,7,Yes,No
T14865,C1686,3675.68,Net Banking,141,96,9,8,0,No,No
T14866,C1750,2214.38,Cash on Delivery,1465,87,4,14,6,No,No
T14867,C1771,1557.84,Debit Card,760,12,4,14,10,No,No
T14868,C1902,150.81,Cash on Delivery,1301,30,19,15,4,Yes,No
T14869,C1364,1047.85,Net Banking,1187,48,7,2,2,No,No
T14870,C1162,500.36,Net Banking,466,39,11,0,4,No,No
T14871,C1047,2232.88,Debit Card,177,67,0,2,0,No,No
T14872,C1510,2954.13,Net Banking,88,13,1,0,7,No,Yes
T14873,C1328,810.76,Debit Card,172,65,20,9,3,No,No
T14874,C1839,562.82,Credit Card,245,93,2,9,2,No,No
T14875,C1115,5199.41,Debit Card,798,45,3,4,8,No,No
T14876,C1940,599.95,Debit Card,660,42,14,14,5,No,No
T14877,C1848,332.11,Cash on Delivery,1218,5,15,9,0,No,Yes
T14878,C1336,476.91,Net Banking,248,3,10,13,10,Yes,No
T14879,C1880,629.55,Credit Card,176,97,18,3,8,No,No
T14880,C1736,463.42,UPI,123,20,2,5,5,No,No
T14881,C1863,2553.94,Debit Card,556,89,11,1,3,Yes,No
T14882,C1839,121.76,UPI,245,93,2,9,2,No,No
T14883,C1146,453.7,Net Banking,1479,30,3,5,1,Yes,No
T14884,C1574,1045.76,Debit Card,1089,5,19,7,1,Yes,No
T14885,C1805,1353.23,UPI,260,82,10,0,5,Yes,No
T14886,C1322,5954.1,Cash on Delivery,599,42,12,9,7,No,No
T14887,C1442,5142.21,UPI,1208,16,11,8,5,No,No
T14888,C1836,221.24,Cash on Delivery,946,71,6,9,10,No,No
T14889,C1012,162.71,Credit Card,51,91,7,0,8,No,No
T14890,C1942,1124.36,Net Banking,75,75,15,12,9,No,No
T14891,C1493,559.37,UPI,307,52,20,3,3,No,No
T14892,C1700,332.94,Debit Card,393,61,7,7,2,No,No
T14893,C1286,1114.46,Net Banking,1332,53,6,0,7,No,No
T14894,C1719,1381.19,UPI,1063,6,1,7,3,No,No
T14895,C1113,473.92,Debit Card,181,43,20,5,7,No,No
T14896,C1479,587.52,Debit Card,392,39,9,5,3,No,No
T14897,C1021,511.81,Debit Card,533,38,11,5,6,No,No
T14898,C1348,726.7,Debit Card,1391,91,1,13,6,No,No
T14899,C1725,1884.55,UPI,1306,54,8,0,5,No,No
T14900,C1682,373.19,Credit Card,330,58,8,1,5,No,No
T14901,C1834,577.85,Cash on Delivery,878,77,4,11,7,No,No
T14902,C1565,735.62,Cash on Delivery,1195,89,10,9,1,No,No
T14903,C1905,1089.25,Cash on Delivery,1145,72,6,3,7,No,No
T14904,C1809,1445.17,Credit Card,415,10,2,4,1,Yes,No
T14905,C1319,8452.84,Debit Card,250,77,5,5,8,No,No
T14906,C1125,1943.27,Debit Card,404,33,14,6,5,No,Yes
T14907,C1276,1990.08,Net Banking,680,16,3,3,7,No,No
T14908,C1975,839.99,Cash on Delivery,908,80,0,1,4,No,No
T14909,C1203,411.63,Cash on Delivery,444,88,7,7,2,No,No
T14910,C1193,646.64,Debit Card,171,84,14,3,7,Yes,No
T14911,C1680,538.97,Cash on Delivery,18,59,17,11,5,Yes,No
T14912,C1663,1623.32,Debit Card,514,25,9,8,1,No,No
T14913,C1546,210.34,Debit Card,881,26,18,4,2,No,No
T14914,C1695,1983.33,Debit Card,599,3,7,5,4,No,No
T14915,C1285,975.31,UPI,1255,23,7,6,1,Yes,No
T14916,C1056,2283.23,UPI,502,28,19,7,3,No,No
T14917,C1733,531.71,UPI,249,62,3,15,9,No,No
T14918,C1302,445.25,UPI,1478,83,13,13,7,No,No
T14919,C1162,730.21,Credit Card,466,39,11,0,4,No,No
T14920,C1018,712.91,Net Banking,740,59,9,9,7,No,No
T14921,C1369,2456.15,Net Banking,318,88,18,7,3,No,No
T14922,C1263,2432.82,Debit Card,833,29,6,13,8,No,Yes
T14923,C1793,7368.9,Cash on Delivery,755,18,19,10,7,No,No
T14924,C1112,668.15,UPI,1056,16,13,2,0,No,Yes
T14925,C1487,38.57,Net Banking,1100,48,10,15,2,No,No
T14926,C1326,728.2,Net Banking,483,47,4,8,0,No,Yes
T14927,C1541,1381.13,UPI,384,49,10,8,9,No,No
T14928,C1646,2240.67,Credit Card,1138,8,7,0,2,No,No
T14929,C1578,1485.64,Credit Card,898,81,9,1,1,No,No
T14930,C1064,667.62,Net Banking,723,61,14,13,5,Yes,No
T14931,C1291,6088.54,Credit Card,21,32,20,7,7,No,No
T14932,C1024,390.05,UPI,1265,99,7,14,5,No,No
T14933,C1548,833.27,Net Banking,1399,32,9,3,6,Yes,No
T14934,C1000,372.45,UPI,438,2,9,7,1,No,No
T14935,C1910,1118.31,Credit Card,954,88,0,5,10,No,No
T14936,C1548,5372.27,UPI,1399,32,9,3,6,No,No
T14937,C1140,952.48,Credit Card,129,27,0,6,8,No,No
T14938,C1743,958.34,Credit Card,59,19,1,13,5,No,No
T14939,C1647,201.15,UPI,987,22,9,15,1,Yes,Yes
T14940,C1900,823.04,Credit Card,107,75,19,2,1,No,No
T14941,C1187,3465.07,Debit Card,233,31,5,13,4,No,No
T14942,C1127,853.86,UPI,1317,38,5,2,3,No,No
T14943,C1200,798.08,Debit Card,888,45,16,2,4,Yes,No
T14944,C1126,3313.35,UPI,192,18,2,3,6,Yes,No
T14945,C1256,801.46,Credit Card,1471,97,18,5,8,No,No
T14946,C1675,3992.02,Credit Card,1373,61,4,5,5,No,No
T14947,C1546,303.49,Net Banking,881,26,18,4,2,No,No
T14948,C1193,2159.98,Net Banking,171,84,14,3,7,Yes,No
T14949,C1702,5689.22,Debit Card,401,36,14,12,2,No,No
T14950,C1103,3004.47,Credit Card,954,100,7,10,10,No,No
T14951,C1534,169.48,Net Banking,79,68,12,13,5,No,No
T14952,C1264,579.23,Credit Card,526,68,11,4,1,No,Yes
T14953,C1801,860.96,UPI,17,53,6,7,2,No,No
T14954,C1941,3010.78,Net Banking,1190,98,0,9,9,No,Yes
T14955,C1973,289.57,Debit Card,835,74,2,5,10,No,No
T14956,C1383,395.86,Net Banking,1227,68,0,3,5,No,Yes
T14957,C1259,220.27,Credit Card,819,5,12,9,7,Yes,No
T14958,C1413,480.2,Cash on Delivery,905,12,8,12,6,No,No
T14959,C1990,313.69,Cash on Delivery,641,40,14,6,7,No,No
T14960,C1357,5420.3,Credit Card,509,30,15,12,9,No,No
T14961,C1074,574.0,UPI,1218,95,13,3,8,No,Yes
T14962,C1354,2188.4,Net Banking,631,27,3,2,5,No,No
T14963,C1583,1116.52,Cash on Delivery,658,62,5,9,3,No,No
T14964,C1770,1100.99,UPI,648,11,6,13,2,No,No
T14965,C1909,607.02,Credit Card,257,76,14,11,8,No,No
T14966,C1187,2368.52,UPI,233,31,5,13,4,No,No
T14967,C1972,1279.65,Credit Card,172,24,5,9,9,No,No
T14968,C1684,1208.03,Net Banking,1041,33,15,14,4,No,No
T14969,C1991,605.82,UPI,1000,30,20,8,5,No,No
T14970,C1289,713.53,Net Banking,140,45,14,13,10,No,Yes
T14971,C1044,1976.16,UPI,1027,47,12,0,4,No,No
T14972,C1572,1380.3,Credit Card,624,14,2,1,3,No,No
T14973,C1082,1240.75,Credit Card,859,28,17,9,2,No,No
T14974,C1122,515.92,UPI,743,1,20,10,4,No,No
T14975,C1357,7662.61,Credit Card,509,30,15,12,9,No,No
T14976,C1527,678.78,Debit Card,1102,100,8,5,5,No,No
T14977,C1065,1063.95,Debit Card,1044,1,16,14,7,No,No
T14978,C1935,909.56,Net Banking,854,89,20,14,10,No,No
T14979,C1656,7744.29,Debit Card,742,45,15,3,1,No,No
T14980,C1374,819.9,Debit Card,517,59,16,9,2,No,No
T14981,C1161,748.19,Cash on Delivery,1113,22,11,0,6,No,No
T14982,C1745,1234.36,Cash on Delivery,1397,17,11,11,2,No,No
T14983,C1379,548.1,Cash on Delivery,38,31,19,15,3,No,No
T14984,C1655,1226.11,Cash on Delivery,1392,33,15,0,9,No,No
T14985,C1357,11749.94,Credit Card,509,30,15,12,9,No,No
T14986,C1187,1479.85,Net Banking,233,31,5,13,4,No,No
T14987,C1321,1426.88,Net Banking,1024,52,1,1,3,No,No
T14988,C1449,534.91,Debit Card,962,25,1,10,10,Yes,No
T14989,C1473,6058.44,Net Banking,637,92,17,7,7,No,No
T14990,C1012,7623.82,Debit Card,51,91,7,0,8,Yes,No
T14991,C1183,2572.62,Net Banking,816,81,10,4,1,No,Yes
T14992,C1110,2108.71,UPI,969,2,12,9,1,No,No
T14993,C1926,867.17,UPI,1335,34,10,7,6,Yes,No
T14994,C1507,1621.87,Net Banking,1020,27,9,1,1,No,No
T14995,C1289,475.73,Credit Card,140,45,14,13,10,No,No
T14996,C1294,355.63,Debit Card,1242,100,14,6,5,No,No
T14997,C1450,247.8,Net Banking,542,92,17,0,7,Yes,No
T14998,C1903,1653.54,Debit Card,1238,54,14,8,2,No,No
T14999,C1214,276.34,Cash on Delivery,716,46,12,7,8,No,Yes
T10100,C1555,1014.98,Net Banking,1177,84,4,11,0,No,No
T10200,C1899,940.28,Debit Card,402,55,20,11,2,No,No
T10300,C1709,641.65,Credit Card,1359,14,16,6,2,Yes,No
